field_id,pixel_count,valid_pixels,valid_share,ndvi_mean,ndvi_median,ndvi_p25,ndvi_p75,date,tile_id,cloud_cover
F001,87514,74237,0.848,0.2399,0.2046,0.133,0.3247,2023-10-05,S2B_37TDK_20231005_0_L2A,19.77
F001,87514,74237,0.848,0.3031,0.2524,0.183,0.3938,2023-10-07,S2A_37TDK_20231007_0_L2A,0.06
F001,87514,74237,0.848,0.2734,0.2271,0.1686,0.3611,2023-10-12,S2B_37TDK_20231012_0_L2A,10.64
F001,87514,74237,0.848,0.2916,0.2296,0.1892,0.3688,2023-10-15,S2B_37TDK_20231015_0_L2A,0.0
F001,87514,74237,0.848,0.2274,0.1822,0.1497,0.2898,2023-10-22,S2B_37TDK_20231022_0_L2A,0.01
F001,87514,74237,0.848,0.2623,0.215,0.1816,0.3301,2023-10-30,S2A_37TDK_20231030_0_L2A,1.56
F001,87514,396,0.005,-0.0605,-0.0554,-0.1242,0.0121,2024-01-10,S2B_37TDK_20240110_0_L2A,12.41
F001,87514,74237,0.848,0.2746,0.2595,0.2096,0.3333,2024-01-30,S2B_37TDK_20240130_0_L2A,5.39
F001,87514,74237,0.848,0.2709,0.246,0.2036,0.3152,2024-02-24,S2A_37TDK_20240224_0_L2A,10.21
F001,87514,74169,0.848,0.2641,0.238,0.1981,0.3048,2024-02-27,S2A_37TDK_20240227_0_L2A,4.32
F001,87514,74237,0.848,0.2669,0.2408,0.1997,0.3094,2024-02-29,S2B_37TDK_20240229_0_L2A,6.59
F001,87514,74237,0.848,0.2729,0.2359,0.1989,0.3172,2024-03-10,S2B_37TDK_20240310_0_L2A,7.42
F001,87514,74237,0.848,0.298,0.2469,0.2022,0.3441,2024-03-25,S2A_37TDK_20240325_0_L2A,2.96
F001,87514,74237,0.848,0.3411,0.2487,0.2073,0.428,2024-04-07,S2A_37TDK_20240407_0_L2A,0.08
F001,87514,74237,0.848,0.3219,0.2343,0.1847,0.4121,2024-04-09,S2B_37TDK_20240409_0_L2A,0.76
F001,87514,74237,0.848,0.4098,0.4061,0.1805,0.5537,2024-04-22,S2B_37TDK_20240422_0_L2A,0.76
F001,87514,74237,0.848,0.4446,0.5095,0.1578,0.7032,2024-05-04,S2A_37TDK_20240504_0_L2A,15.83
F001,87514,74237,0.848,0.4535,0.5177,0.1644,0.7184,2024-05-07,S2A_37TDK_20240507_0_L2A,0.05
F001,87514,74237,0.848,0.4448,0.5239,0.1336,0.7591,2024-05-22,S2B_37TDK_20240522_0_L2A,0.0
F001,87514,74237,0.848,0.4492,0.5231,0.1481,0.7503,2024-05-22,S2B_37TDK_20240522_1_L2A,0.28
F001,87514,74237,0.848,0.424,0.5127,0.1281,0.7317,2024-05-24,S2A_37TDK_20240524_0_L2A,0.01
F001,87514,74237,0.848,0.4456,0.5076,0.1944,0.6977,2024-06-01,S2B_37TDK_20240601_0_L2A,1.18
F001,87514,74237,0.848,0.4388,0.4963,0.1854,0.6894,2024-06-03,S2A_37TDK_20240603_0_L2A,0.09
F001,87514,74237,0.848,0.4986,0.5334,0.2998,0.6711,2024-06-11,S2B_37TDK_20240611_0_L2A,1.67
F001,87514,74225,0.848,0.4747,0.4954,0.2764,0.6525,2024-06-13,S2A_37TDK_20240613_0_L2A,17.3
F001,87514,74237,0.848,0.511,0.5224,0.3892,0.6414,2024-06-18,S2B_37TDK_20240618_0_L2A,4.92
F001,87514,74237,0.848,0.5168,0.5204,0.4188,0.6277,2024-06-21,S2B_37TDK_20240621_0_L2A,0.28
F001,87514,74237,0.848,0.4877,0.4901,0.3954,0.5857,2024-06-23,S2A_37TDK_20240623_0_L2A,3.36
F001,87514,53199,0.608,0.5116,0.5034,0.4075,0.6222,2024-06-26,S2A_37TDK_20240626_0_L2A,9.1
F001,87514,8115,0.093,0.5061,0.4869,0.3748,0.6565,2024-06-28,S2B_37TDK_20240628_0_L2A,19.86
F001,87514,74237,0.848,0.5023,0.4957,0.371,0.642,2024-07-01,S2B_37TDK_20240701_0_L2A,0.01
F001,87514,74233,0.848,0.4786,0.4717,0.3478,0.5909,2024-07-03,S2A_37TDK_20240703_0_L2A,15.23
F001,87514,74237,0.848,0.4924,0.502,0.2967,0.711,2024-07-18,S2B_37TDK_20240718_0_L2A,0.02
F001,87514,74237,0.848,0.5106,0.5265,0.2988,0.7422,2024-07-21,S2B_37TDK_20240721_0_L2A,0.22
F001,87514,74237,0.848,0.5221,0.5536,0.2454,0.7774,2024-07-28,S2B_37TDK_20240728_0_L2A,0.1
F001,87514,74237,0.848,0.5277,0.564,0.2368,0.7963,2024-08-02,S2A_37TDK_20240802_0_L2A,15.43
F001,87514,74237,0.848,0.5398,0.5847,0.2293,0.809,2024-08-10,S2B_37TDK_20240810_0_L2A,0.3
F001,87514,53226,0.608,0.4672,0.4852,0.1786,0.6941,2024-08-12,S2A_37TDK_20240812_0_L2A,11.96
F001,87514,74237,0.848,0.5526,0.6034,0.254,0.8139,2024-08-15,S2A_37TDK_20240815_0_L2A,1.41
F001,87514,74237,0.848,0.5329,0.5794,0.252,0.768,2024-08-17,S2B_37TDK_20240817_0_L2A,0.23
F001,87514,74237,0.848,0.5104,0.5571,0.2416,0.7281,2024-08-20,S2B_37TDK_20240820_0_L2A,1.16
F001,87514,70720,0.808,0.4774,0.5243,0.2663,0.639,2024-09-04,S2A_37TDK_20240904_0_L2A,13.54
F001,87514,74237,0.848,0.4529,0.4847,0.2206,0.6517,2024-09-11,S2A_37TDK_20240911_0_L2A,0.0
F001,87514,74237,0.848,0.4295,0.4586,0.2081,0.6173,2024-09-14,S2A_37TDK_20240914_0_L2A,1.5
F001,87514,74237,0.848,0.2903,0.2471,0.1492,0.418,2024-09-29,S2B_37TDK_20240929_0_L2A,0.01
F002,121410,70235,0.578,0.2349,0.2096,0.1579,0.3018,2023-10-05,S2B_37TDK_20231005_0_L2A,19.77
F002,121410,70235,0.578,0.2914,0.26,0.2029,0.3687,2023-10-07,S2A_37TDK_20231007_0_L2A,0.06
F002,121410,70235,0.578,0.2633,0.2341,0.1906,0.3138,2023-10-12,S2B_37TDK_20231012_0_L2A,10.64
F002,121410,70235,0.578,0.253,0.2265,0.1866,0.2901,2023-10-15,S2B_37TDK_20231015_0_L2A,0.0
F002,121410,70235,0.578,0.1573,0.1463,0.1145,0.1875,2023-10-22,S2B_37TDK_20231022_0_L2A,0.01
F002,121410,70235,0.578,0.2332,0.2129,0.1795,0.2581,2023-10-30,S2A_37TDK_20231030_0_L2A,1.56
F002,121410,0,0.0,,,,,2024-01-10,S2B_37TDK_20240110_0_L2A,12.41
F002,121410,70235,0.578,0.2942,0.2339,0.1538,0.3904,2024-01-30,S2B_37TDK_20240130_0_L2A,5.39
F002,121410,70235,0.578,0.3058,0.2396,0.1947,0.3755,2024-02-24,S2A_37TDK_20240224_0_L2A,10.21
F002,121410,70235,0.578,0.2994,0.2367,0.1915,0.366,2024-02-27,S2A_37TDK_20240227_0_L2A,4.32
F002,121410,70235,0.578,0.2984,0.2363,0.1904,0.3622,2024-02-29,S2B_37TDK_20240229_0_L2A,6.59
F002,121410,70235,0.578,0.3101,0.241,0.1914,0.3877,2024-03-10,S2B_37TDK_20240310_0_L2A,7.42
F002,121410,70235,0.578,0.3675,0.2691,0.2042,0.4992,2024-03-25,S2A_37TDK_20240325_0_L2A,2.96
F002,121410,70235,0.578,0.3804,0.2222,0.1837,0.5412,2024-04-07,S2A_37TDK_20240407_0_L2A,0.08
F002,121410,70235,0.578,0.3505,0.1874,0.156,0.5155,2024-04-09,S2B_37TDK_20240409_0_L2A,0.76
F002,121410,70235,0.578,0.3771,0.1954,0.1658,0.6076,2024-04-22,S2B_37TDK_20240422_0_L2A,0.76
F002,121410,70235,0.578,0.37,0.2097,0.1569,0.6603,2024-05-04,S2A_37TDK_20240504_0_L2A,15.83
F002,121410,70235,0.578,0.3677,0.2011,0.1549,0.6597,2024-05-07,S2A_37TDK_20240507_0_L2A,0.05
F002,121410,70235,0.578,0.3641,0.2094,0.1492,0.6598,2024-05-22,S2B_37TDK_20240522_0_L2A,0.0
F002,121410,70235,0.578,0.3625,0.2095,0.1536,0.6482,2024-05-22,S2B_37TDK_20240522_1_L2A,0.28
F002,121410,70235,0.578,0.3458,0.2084,0.1465,0.6233,2024-05-24,S2A_37TDK_20240524_0_L2A,0.01
F002,121410,70235,0.578,0.3472,0.275,0.1719,0.5484,2024-06-01,S2B_37TDK_20240601_0_L2A,1.18
F002,121410,70235,0.578,0.3056,0.2747,0.1485,0.4733,2024-06-03,S2A_37TDK_20240603_0_L2A,0.09
F002,121410,70235,0.578,0.3334,0.3073,0.2429,0.4155,2024-06-11,S2B_37TDK_20240611_0_L2A,1.67
F002,121410,38220,0.315,0.309,0.273,0.2265,0.3792,2024-06-13,S2A_37TDK_20240613_0_L2A,17.3
F002,121410,65752,0.542,0.4198,0.4066,0.2605,0.5602,2024-06-18,S2B_37TDK_20240618_0_L2A,4.92
F002,121410,70235,0.578,0.483,0.4805,0.2953,0.6443,2024-06-21,S2B_37TDK_20240621_0_L2A,0.28
F002,121410,70235,0.578,0.4545,0.4556,0.2485,0.6422,2024-06-23,S2A_37TDK_20240623_0_L2A,3.36
F002,121410,44513,0.367,0.5319,0.5724,0.3512,0.7286,2024-06-26,S2A_37TDK_20240626_0_L2A,9.1
F002,121410,66068,0.544,0.5011,0.5403,0.2723,0.7262,2024-06-28,S2B_37TDK_20240628_0_L2A,19.86
F002,121410,70235,0.578,0.5202,0.5501,0.2368,0.7792,2024-07-01,S2B_37TDK_20240701_0_L2A,0.01
F002,121410,70235,0.578,0.5291,0.5731,0.2191,0.81,2024-07-03,S2A_37TDK_20240703_0_L2A,15.23
F002,121410,70235,0.578,0.5517,0.6103,0.2522,0.8279,2024-07-18,S2B_37TDK_20240718_0_L2A,0.02
F002,121410,70235,0.578,0.5713,0.6438,0.2534,0.8597,2024-07-21,S2B_37TDK_20240721_0_L2A,0.22
F002,121410,70235,0.578,0.5823,0.6839,0.2756,0.8509,2024-07-28,S2B_37TDK_20240728_0_L2A,0.1
F002,121410,8196,0.068,0.7841,0.8435,0.8018,0.8598,2024-08-02,S2A_37TDK_20240802_0_L2A,15.43
F002,121410,70235,0.578,0.5754,0.6662,0.2447,0.8638,2024-08-10,S2B_37TDK_20240810_0_L2A,0.3
F002,121410,42670,0.351,0.5885,0.7656,0.2159,0.8319,2024-08-12,S2A_37TDK_20240812_0_L2A,11.96
F002,121410,59849,0.493,0.5344,0.5688,0.2056,0.8343,2024-08-15,S2A_37TDK_20240815_0_L2A,1.41
F002,121410,70131,0.578,0.5345,0.61,0.2335,0.7959,2024-08-17,S2B_37TDK_20240817_0_L2A,0.23
F002,121410,70235,0.578,0.5181,0.5899,0.2183,0.7753,2024-08-20,S2B_37TDK_20240820_0_L2A,1.16
F002,121410,70235,0.578,0.454,0.444,0.1955,0.688,2024-09-04,S2A_37TDK_20240904_0_L2A,13.54
F002,121410,70235,0.578,0.3562,0.2594,0.1815,0.5543,2024-09-11,S2A_37TDK_20240911_0_L2A,0.0
F002,121410,70235,0.578,0.3315,0.2605,0.1727,0.4813,2024-09-14,S2A_37TDK_20240914_0_L2A,1.5
F002,121410,70235,0.578,0.2388,0.2231,0.1502,0.2941,2024-09-29,S2B_37TDK_20240929_0_L2A,0.01
F003,65572,61972,0.945,0.2711,0.2568,0.1827,0.3432,2023-10-05,S2B_37TDK_20231005_0_L2A,19.77
F003,65572,61972,0.945,0.3198,0.2601,0.2165,0.4141,2023-10-07,S2A_37TDK_20231007_0_L2A,0.06
F003,65572,61972,0.945,0.2916,0.2254,0.1949,0.3813,2023-10-12,S2B_37TDK_20231012_0_L2A,10.64
F003,65572,61972,0.945,0.2941,0.2291,0.199,0.3656,2023-10-15,S2B_37TDK_20231015_0_L2A,0.0
F003,65572,61972,0.945,0.2323,0.1831,0.1608,0.2914,2023-10-22,S2B_37TDK_20231022_0_L2A,0.01
F003,65572,61972,0.945,0.2694,0.2166,0.1933,0.3402,2023-10-30,S2A_37TDK_20231030_0_L2A,1.56
F003,65572,771,0.012,-0.0252,-0.0266,-0.0458,-0.0083,2024-01-10,S2B_37TDK_20240110_0_L2A,12.41
F003,65572,61972,0.945,0.3019,0.2863,0.2347,0.3565,2024-01-30,S2B_37TDK_20240130_0_L2A,5.39
F003,65572,61972,0.945,0.28,0.2569,0.212,0.3238,2024-02-24,S2A_37TDK_20240224_0_L2A,10.21
F003,65572,61972,0.945,0.2707,0.2494,0.2028,0.3124,2024-02-27,S2A_37TDK_20240227_0_L2A,4.32
F003,65572,61972,0.945,0.2724,0.2503,0.2022,0.3135,2024-02-29,S2B_37TDK_20240229_0_L2A,6.59
F003,65572,61972,0.945,0.2577,0.2177,0.1872,0.2966,2024-03-10,S2B_37TDK_20240310_0_L2A,7.42
F003,65572,61972,0.945,0.2997,0.2432,0.1996,0.3643,2024-03-25,S2A_37TDK_20240325_0_L2A,2.96
F003,65572,61972,0.945,0.3462,0.2425,0.1917,0.4796,2024-04-07,S2A_37TDK_20240407_0_L2A,0.08
F003,65572,61972,0.945,0.3232,0.212,0.1628,0.4649,2024-04-09,S2B_37TDK_20240409_0_L2A,0.76
F003,65572,61972,0.945,0.3839,0.2481,0.1783,0.5943,2024-04-22,S2B_37TDK_20240422_0_L2A,0.76
F003,65572,61972,0.945,0.3824,0.2818,0.1578,0.6306,2024-05-04,S2A_37TDK_20240504_0_L2A,15.83
F003,65572,61972,0.945,0.3836,0.2885,0.1523,0.6305,2024-05-07,S2A_37TDK_20240507_0_L2A,0.05
F003,65572,61972,0.945,0.4009,0.3495,0.1659,0.6539,2024-05-22,S2B_37TDK_20240522_0_L2A,0.0
F003,65572,61972,0.945,0.4031,0.3533,0.1764,0.6451,2024-05-22,S2B_37TDK_20240522_1_L2A,0.28
F003,65572,61972,0.945,0.3916,0.354,0.1804,0.6281,2024-05-24,S2A_37TDK_20240524_0_L2A,0.01
F003,65572,61972,0.945,0.396,0.3849,0.1578,0.6271,2024-06-01,S2B_37TDK_20240601_0_L2A,1.18
F003,65572,61972,0.945,0.3717,0.3751,0.151,0.5873,2024-06-03,S2A_37TDK_20240603_0_L2A,0.09
F003,65572,61972,0.945,0.4305,0.3954,0.3011,0.5431,2024-06-11,S2B_37TDK_20240611_0_L2A,1.67
F003,65572,61972,0.945,0.4455,0.4511,0.3077,0.5515,2024-06-13,S2A_37TDK_20240613_0_L2A,17.3
F003,65572,61972,0.945,0.5477,0.5588,0.4411,0.674,2024-06-18,S2B_37TDK_20240618_0_L2A,4.92
F003,65572,61746,0.942,0.5863,0.6018,0.4767,0.7246,2024-06-21,S2B_37TDK_20240621_0_L2A,0.28
F003,65572,61972,0.945,0.5687,0.5926,0.4622,0.7046,2024-06-23,S2A_37TDK_20240623_0_L2A,3.36
F003,65572,61972,0.945,0.6032,0.6442,0.4879,0.759,2024-06-26,S2A_37TDK_20240626_0_L2A,9.1
F003,65572,4654,0.071,0.681,0.7436,0.5353,0.8092,2024-06-28,S2B_37TDK_20240628_0_L2A,19.86
F003,65572,61972,0.945,0.6094,0.668,0.4907,0.7744,2024-07-01,S2B_37TDK_20240701_0_L2A,0.01
F003,65572,61972,0.945,0.5999,0.6688,0.4844,0.7633,2024-07-03,S2A_37TDK_20240703_0_L2A,15.23
F003,65572,61972,0.945,0.6229,0.6851,0.4792,0.8216,2024-07-18,S2B_37TDK_20240718_0_L2A,0.02
F003,65572,61972,0.945,0.649,0.7177,0.4974,0.8574,2024-07-21,S2B_37TDK_20240721_0_L2A,0.22
F003,65572,61972,0.945,0.6619,0.747,0.5184,0.8547,2024-07-28,S2B_37TDK_20240728_0_L2A,0.1
F003,65572,61972,0.945,0.6615,0.7607,0.5183,0.8559,2024-08-02,S2A_37TDK_20240802_0_L2A,15.43
F003,65572,61972,0.945,0.6324,0.7668,0.4633,0.8489,2024-08-10,S2B_37TDK_20240810_0_L2A,0.3
F003,65572,371,0.006,0.5833,0.6924,0.4409,0.7713,2024-08-12,S2A_37TDK_20240812_0_L2A,11.96
F003,65572,61438,0.937,0.6136,0.7301,0.4636,0.8231,2024-08-15,S2A_37TDK_20240815_0_L2A,1.41
F003,65572,61972,0.945,0.603,0.7122,0.4579,0.7873,2024-08-17,S2B_37TDK_20240817_0_L2A,0.23
F003,65572,61972,0.945,0.5798,0.671,0.4305,0.7476,2024-08-20,S2B_37TDK_20240820_0_L2A,1.16
F003,65572,61972,0.945,0.5161,0.5242,0.4207,0.6268,2024-09-04,S2A_37TDK_20240904_0_L2A,13.54
F003,65572,61972,0.945,0.4612,0.4725,0.2894,0.6078,2024-09-11,S2A_37TDK_20240911_0_L2A,0.0
F003,65572,61972,0.945,0.432,0.449,0.2358,0.5695,2024-09-14,S2A_37TDK_20240914_0_L2A,1.5
F003,65572,61972,0.945,0.315,0.3079,0.193,0.4014,2024-09-29,S2B_37TDK_20240929_0_L2A,0.01
F004,90820,56194,0.619,0.3154,0.3444,0.1615,0.4443,2023-10-05,S2B_37TDK_20231005_0_L2A,19.77
F004,90820,56194,0.619,0.389,0.4355,0.1864,0.5633,2023-10-07,S2A_37TDK_20231007_0_L2A,0.06
F004,90820,56194,0.619,0.3919,0.4344,0.1958,0.5636,2023-10-12,S2B_37TDK_20231012_0_L2A,10.64
F004,90820,56194,0.619,0.3857,0.4255,0.1892,0.5579,2023-10-15,S2B_37TDK_20231015_0_L2A,0.0
F004,90820,56194,0.619,0.2956,0.3202,0.1552,0.4201,2023-10-22,S2B_37TDK_20231022_0_L2A,0.01
F004,90820,56194,0.619,0.3262,0.354,0.1876,0.4524,2023-10-30,S2A_37TDK_20231030_0_L2A,1.56
F004,90820,6464,0.071,0.0151,0.0268,-0.0567,0.0676,2024-01-10,S2B_37TDK_20240110_0_L2A,12.41
F004,90820,56194,0.619,0.3226,0.3057,0.2201,0.4342,2024-01-30,S2B_37TDK_20240130_0_L2A,5.39
F004,90820,56194,0.619,0.3153,0.2887,0.2105,0.4244,2024-02-24,S2A_37TDK_20240224_0_L2A,10.21
F004,90820,56194,0.619,0.3016,0.2815,0.2003,0.4037,2024-02-27,S2A_37TDK_20240227_0_L2A,4.32
F004,90820,56194,0.619,0.3103,0.2786,0.1943,0.429,2024-02-29,S2B_37TDK_20240229_0_L2A,6.59
F004,90820,56194,0.619,0.3101,0.283,0.2006,0.4212,2024-03-10,S2B_37TDK_20240310_0_L2A,7.42
F004,90820,56194,0.619,0.37,0.3382,0.2124,0.529,2024-03-25,S2A_37TDK_20240325_0_L2A,2.96
F004,90820,56194,0.619,0.423,0.3648,0.2172,0.6551,2024-04-07,S2A_37TDK_20240407_0_L2A,0.08
F004,90820,56194,0.619,0.3978,0.3476,0.1944,0.6239,2024-04-09,S2B_37TDK_20240409_0_L2A,0.76
F004,90820,56194,0.619,0.5344,0.4757,0.2352,0.8558,2024-04-22,S2B_37TDK_20240422_0_L2A,0.76
F004,90820,56194,0.619,0.51,0.5125,0.1537,0.8806,2024-05-04,S2A_37TDK_20240504_0_L2A,15.83
F004,90820,56194,0.619,0.5094,0.5204,0.1347,0.9022,2024-05-07,S2A_37TDK_20240507_0_L2A,0.05
F004,90820,0,0.0,,,,,2024-05-22,S2B_37TDK_20240522_0_L2A,0.0
F004,90820,56194,0.619,0.5058,0.5351,0.1392,0.9055,2024-05-22,S2B_37TDK_20240522_1_L2A,0.28
F004,90820,56194,0.619,0.5064,0.5096,0.1562,0.8824,2024-05-24,S2A_37TDK_20240524_0_L2A,0.01
F004,90820,56194,0.619,0.5471,0.537,0.23,0.8984,2024-06-01,S2B_37TDK_20240601_0_L2A,1.18
F004,90820,56194,0.619,0.5469,0.511,0.2171,0.9117,2024-06-03,S2A_37TDK_20240603_0_L2A,0.09
F004,90820,56194,0.619,0.6082,0.5415,0.3621,0.892,2024-06-11,S2B_37TDK_20240611_0_L2A,1.67
F004,90820,54984,0.605,0.6204,0.6094,0.4115,0.8601,2024-06-13,S2A_37TDK_20240613_0_L2A,17.3
F004,90820,56194,0.619,0.7078,0.7262,0.5607,0.8939,2024-06-18,S2B_37TDK_20240618_0_L2A,4.92
F004,90820,56194,0.619,0.7521,0.7908,0.6294,0.9054,2024-06-21,S2B_37TDK_20240621_0_L2A,0.28
F004,90820,56194,0.619,0.7314,0.7719,0.6201,0.8759,2024-06-23,S2A_37TDK_20240623_0_L2A,3.36
F004,90820,31575,0.348,0.7888,0.8564,0.7328,0.873,2024-06-26,S2A_37TDK_20240626_0_L2A,9.1
F004,90820,28380,0.312,0.7922,0.8629,0.7272,0.8789,2024-06-28,S2B_37TDK_20240628_0_L2A,19.86
F004,90820,56194,0.619,0.7769,0.8285,0.7209,0.8701,2024-07-01,S2B_37TDK_20240701_0_L2A,0.01
F004,90820,56194,0.619,0.7632,0.8108,0.7141,0.8544,2024-07-03,S2A_37TDK_20240703_0_L2A,15.23
F004,90820,56194,0.619,0.7625,0.7993,0.7538,0.8169,2024-07-18,S2B_37TDK_20240718_0_L2A,0.02
F004,90820,56194,0.619,0.7776,0.8196,0.7684,0.8412,2024-07-21,S2B_37TDK_20240721_0_L2A,0.22
F004,90820,56194,0.619,0.7151,0.7591,0.6463,0.8199,2024-07-28,S2B_37TDK_20240728_0_L2A,0.1
F004,90820,42817,0.471,0.7447,0.7974,0.6926,0.8322,2024-08-02,S2A_37TDK_20240802_0_L2A,15.43
F004,90820,56194,0.619,0.7484,0.784,0.7059,0.8297,2024-08-10,S2B_37TDK_20240810_0_L2A,0.3
F004,90820,56194,0.619,0.7326,0.766,0.6859,0.8178,2024-08-12,S2A_37TDK_20240812_0_L2A,11.96
F004,90820,56194,0.619,0.7623,0.7926,0.7262,0.8397,2024-08-15,S2A_37TDK_20240815_0_L2A,1.41
F004,90820,56194,0.619,0.7344,0.7579,0.6918,0.8135,2024-08-17,S2B_37TDK_20240817_0_L2A,0.23
F004,90820,56194,0.619,0.7173,0.739,0.6785,0.7929,2024-08-20,S2B_37TDK_20240820_0_L2A,1.16
F004,90820,56194,0.619,0.7025,0.7219,0.6424,0.7942,2024-09-04,S2A_37TDK_20240904_0_L2A,13.54
F004,90820,56194,0.619,0.6718,0.6871,0.5894,0.7903,2024-09-11,S2A_37TDK_20240911_0_L2A,0.0
F004,90820,56194,0.619,0.6408,0.6597,0.5686,0.7581,2024-09-14,S2A_37TDK_20240914_0_L2A,1.5
F004,90820,56194,0.619,0.5757,0.5728,0.4361,0.7496,2024-09-29,S2B_37TDK_20240929_0_L2A,0.01
F005,76944,52292,0.68,0.2205,0.2612,0.1744,0.3568,2023-10-05,S2B_37TDK_20231005_0_L2A,19.77
F005,76944,56756,0.738,0.1727,0.3114,0.1701,0.4425,2023-10-07,S2A_37TDK_20231007_0_L2A,0.06
F005,76944,56756,0.738,0.1801,0.3011,0.1693,0.4385,2023-10-12,S2B_37TDK_20231012_0_L2A,10.64
F005,76944,56756,0.738,0.1829,0.2995,0.1618,0.4376,2023-10-15,S2B_37TDK_20231015_0_L2A,0.0
F005,76944,56756,0.738,0.2,0.243,0.1402,0.3592,2023-10-22,S2B_37TDK_20231022_0_L2A,0.01
F005,76944,56756,0.738,0.2431,0.2826,0.1646,0.4074,2023-10-30,S2A_37TDK_20231030_0_L2A,1.56
F005,76944,8819,0.115,-0.1241,-0.0729,-0.2919,-0.007,2024-01-10,S2B_37TDK_20240110_0_L2A,12.41
F005,76944,56752,0.738,0.1514,0.2569,-0.0764,0.3746,2024-01-30,S2B_37TDK_20240130_0_L2A,5.39
F005,76944,56740,0.737,0.1214,0.2389,-0.0047,0.3428,2024-02-24,S2A_37TDK_20240224_0_L2A,10.21
F005,76944,56476,0.734,0.1149,0.2447,0.0144,0.3413,2024-02-27,S2A_37TDK_20240227_0_L2A,4.32
F005,76944,56752,0.738,0.0969,0.2466,-0.0086,0.3479,2024-02-29,S2B_37TDK_20240229_0_L2A,6.59
F005,76944,56756,0.738,0.1477,0.2511,0.0238,0.3584,2024-03-10,S2B_37TDK_20240310_0_L2A,7.42
F005,76944,56756,0.738,0.1855,0.2824,0.0786,0.4465,2024-03-25,S2A_37TDK_20240325_0_L2A,2.96
F005,76944,56756,0.738,0.2371,0.3676,0.1372,0.5817,2024-04-07,S2A_37TDK_20240407_0_L2A,0.08
F005,76944,56704,0.737,0.2445,0.3612,0.12,0.5671,2024-04-09,S2B_37TDK_20240409_0_L2A,0.76
F005,76944,56756,0.738,0.3583,0.4958,0.1377,0.7025,2024-04-22,S2B_37TDK_20240422_0_L2A,0.76
F005,76944,56756,0.738,0.3816,0.5717,0.0352,0.7478,2024-05-04,S2A_37TDK_20240504_0_L2A,15.83
F005,76944,56756,0.738,0.3766,0.5692,0.0038,0.7536,2024-05-07,S2A_37TDK_20240507_0_L2A,0.05
F005,76944,13899,0.181,0.6446,0.642,0.5418,0.7806,2024-05-22,S2B_37TDK_20240522_0_L2A,0.0
F005,76944,56756,0.738,0.4243,0.5827,0.1566,0.761,2024-05-22,S2B_37TDK_20240522_1_L2A,0.28
F005,76944,56756,0.738,0.3892,0.5669,0.1367,0.7372,2024-05-24,S2A_37TDK_20240524_0_L2A,0.01
F005,76944,56756,0.738,0.4042,0.5245,0.1357,0.6989,2024-06-01,S2B_37TDK_20240601_0_L2A,1.18
F005,76944,56756,0.738,0.2869,0.4463,0.1418,0.6607,2024-06-03,S2A_37TDK_20240603_0_L2A,0.09
F005,76944,56756,0.738,0.32,0.3936,0.1774,0.612,2024-06-11,S2B_37TDK_20240611_0_L2A,1.67
F005,76944,13073,0.17,0.288,0.4386,-0.1842,0.6571,2024-06-13,S2A_37TDK_20240613_0_L2A,17.3
F005,76944,56756,0.738,0.2924,0.422,0.2011,0.6243,2024-06-18,S2B_37TDK_20240618_0_L2A,4.92
F005,76944,56756,0.738,0.3778,0.4291,0.2061,0.6227,2024-06-21,S2B_37TDK_20240621_0_L2A,0.28
F005,76944,56756,0.738,0.3253,0.3985,0.1758,0.5893,2024-06-23,S2A_37TDK_20240623_0_L2A,3.36
F005,76944,56284,0.731,0.3551,0.411,0.1583,0.6093,2024-06-26,S2A_37TDK_20240626_0_L2A,9.1
F005,76944,37912,0.493,0.1606,0.3466,-0.4955,0.5875,2024-06-28,S2B_37TDK_20240628_0_L2A,19.86
F005,76944,56756,0.738,0.3444,0.3915,0.1466,0.5988,2024-07-01,S2B_37TDK_20240701_0_L2A,0.01
F005,76944,56756,0.738,0.2855,0.3734,0.1175,0.5911,2024-07-03,S2A_37TDK_20240703_0_L2A,15.23
F005,76944,56756,0.738,0.2985,0.3451,0.1393,0.5289,2024-07-18,S2B_37TDK_20240718_0_L2A,0.02
F005,76944,56756,0.738,0.2895,0.354,0.1352,0.542,2024-07-21,S2B_37TDK_20240721_0_L2A,0.22
F005,76944,56756,0.738,0.3107,0.3728,0.1479,0.5593,2024-07-28,S2B_37TDK_20240728_0_L2A,0.1
F005,76944,56422,0.733,0.2948,0.3657,0.1352,0.5461,2024-08-02,S2A_37TDK_20240802_0_L2A,15.43
F005,76944,56756,0.738,0.2913,0.3743,0.1465,0.5631,2024-08-10,S2B_37TDK_20240810_0_L2A,0.3
F005,76944,53484,0.695,0.2761,0.348,0.1298,0.5242,2024-08-12,S2A_37TDK_20240812_0_L2A,11.96
F005,76944,56756,0.738,0.2801,0.3768,0.1446,0.5629,2024-08-15,S2A_37TDK_20240815_0_L2A,1.41
F005,76944,44333,0.576,0.2297,0.3197,-0.0825,0.5072,2024-08-17,S2B_37TDK_20240817_0_L2A,0.23
F005,76944,56756,0.738,0.284,0.3532,0.1374,0.5237,2024-08-20,S2B_37TDK_20240820_0_L2A,1.16
F005,76944,56756,0.738,0.2823,0.3786,0.1447,0.5403,2024-09-04,S2A_37TDK_20240904_0_L2A,13.54
F005,76944,56756,0.738,0.2746,0.3956,0.1509,0.5468,2024-09-11,S2A_37TDK_20240911_0_L2A,0.0
F005,76944,56756,0.738,0.2662,0.375,0.1433,0.525,2024-09-14,S2A_37TDK_20240914_0_L2A,1.5
F005,76944,56756,0.738,0.2197,0.3564,0.1479,0.5077,2024-09-29,S2B_37TDK_20240929_0_L2A,0.01
F006,118674,46538,0.392,0.2719,0.2,0.158,0.3656,2023-10-05,S2B_37TDK_20231005_0_L2A,19.77
F006,118674,53045,0.447,0.3177,0.2416,0.1998,0.3928,2023-10-07,S2A_37TDK_20231007_0_L2A,0.06
F006,118674,53045,0.447,0.2961,0.2188,0.177,0.3493,2023-10-12,S2B_37TDK_20231012_0_L2A,10.64
F006,118674,53045,0.447,0.2842,0.2181,0.1751,0.28,2023-10-15,S2B_37TDK_20231015_0_L2A,0.0
F006,118674,53045,0.447,0.2171,0.1649,0.1392,0.2057,2023-10-22,S2B_37TDK_20231022_0_L2A,0.01
F006,118674,53045,0.447,0.2382,0.1865,0.1621,0.2421,2023-10-30,S2A_37TDK_20231030_0_L2A,1.56
F006,118674,7151,0.06,0.1058,0.177,-0.0435,0.2056,2024-01-10,S2B_37TDK_20240110_0_L2A,12.41
F006,118674,53045,0.447,0.2225,0.2047,0.1786,0.275,2024-01-30,S2B_37TDK_20240130_0_L2A,5.39
F006,118674,53045,0.447,0.204,0.1861,0.165,0.2464,2024-02-24,S2A_37TDK_20240224_0_L2A,10.21
F006,118674,53040,0.447,0.2034,0.1857,0.1659,0.2439,2024-02-27,S2A_37TDK_20240227_0_L2A,4.32
F006,118674,52750,0.444,0.2001,0.1806,0.1627,0.2442,2024-02-29,S2B_37TDK_20240229_0_L2A,6.59
F006,118674,53045,0.447,0.2081,0.1845,0.1668,0.2579,2024-03-10,S2B_37TDK_20240310_0_L2A,7.42
F006,118674,53004,0.447,0.2175,0.1805,0.159,0.2868,2024-03-25,S2A_37TDK_20240325_0_L2A,2.96
F006,118674,53045,0.447,0.2393,0.1625,0.1479,0.3064,2024-04-07,S2A_37TDK_20240407_0_L2A,0.08
F006,118674,53045,0.447,0.2281,0.1478,0.1346,0.2871,2024-04-09,S2B_37TDK_20240409_0_L2A,0.76
F006,118674,53045,0.447,0.2723,0.154,0.1369,0.3234,2024-04-22,S2B_37TDK_20240422_0_L2A,0.76
F006,118674,53045,0.447,0.2821,0.1829,0.1309,0.375,2024-05-04,S2A_37TDK_20240504_0_L2A,15.83
F006,118674,53045,0.447,0.3132,0.1905,0.1559,0.3691,2024-05-07,S2A_37TDK_20240507_0_L2A,0.05
F006,118674,0,0.0,,,,,2024-05-22,S2B_37TDK_20240522_0_L2A,0.0
F006,118674,53045,0.447,0.3502,0.2577,0.1792,0.449,2024-05-22,S2B_37TDK_20240522_1_L2A,0.28
F006,118674,53045,0.447,0.3348,0.2581,0.1794,0.4086,2024-05-24,S2A_37TDK_20240524_0_L2A,0.01
F006,118674,53045,0.447,0.3403,0.2696,0.1459,0.4535,2024-06-01,S2B_37TDK_20240601_0_L2A,1.18
F006,118674,53045,0.447,0.3044,0.223,0.1134,0.4247,2024-06-03,S2A_37TDK_20240603_0_L2A,0.09
F006,118674,53045,0.447,0.4188,0.3726,0.2891,0.4877,2024-06-11,S2B_37TDK_20240611_0_L2A,1.67
F006,118674,24294,0.205,0.3469,0.334,0.2441,0.4093,2024-06-13,S2A_37TDK_20240613_0_L2A,17.3
F006,118674,53045,0.447,0.5547,0.5768,0.4308,0.6861,2024-06-18,S2B_37TDK_20240618_0_L2A,4.92
F006,118674,53045,0.447,0.6168,0.6586,0.492,0.7769,2024-06-21,S2B_37TDK_20240621_0_L2A,0.28
F006,118674,53045,0.447,0.598,0.6468,0.4593,0.7641,2024-06-23,S2A_37TDK_20240623_0_L2A,3.36
F006,118674,51992,0.438,0.6385,0.7008,0.5072,0.811,2024-06-26,S2A_37TDK_20240626_0_L2A,9.1
F006,118674,45496,0.383,0.6348,0.7301,0.4764,0.8386,2024-06-28,S2B_37TDK_20240628_0_L2A,19.86
F006,118674,53045,0.447,0.6489,0.7345,0.5003,0.8326,2024-07-01,S2B_37TDK_20240701_0_L2A,0.01
F006,118674,53045,0.447,0.6399,0.733,0.4923,0.8272,2024-07-03,S2A_37TDK_20240703_0_L2A,15.23
F006,118674,53045,0.447,0.6576,0.7553,0.5226,0.8123,2024-07-18,S2B_37TDK_20240718_0_L2A,0.02
F006,118674,53045,0.447,0.6991,0.7997,0.5724,0.8536,2024-07-21,S2B_37TDK_20240721_0_L2A,0.22
F006,118674,53045,0.447,0.7072,0.8029,0.5991,0.8465,2024-07-28,S2B_37TDK_20240728_0_L2A,0.1
F006,118674,51996,0.438,0.7036,0.7898,0.6045,0.8413,2024-08-02,S2A_37TDK_20240802_0_L2A,15.43
F006,118674,53045,0.447,0.7271,0.7966,0.6441,0.8515,2024-08-10,S2B_37TDK_20240810_0_L2A,0.3
F006,118674,24890,0.21,0.6773,0.7159,0.555,0.8247,2024-08-12,S2A_37TDK_20240812_0_L2A,11.96
F006,118674,53045,0.447,0.7203,0.7832,0.6306,0.8442,2024-08-15,S2A_37TDK_20240815_0_L2A,1.41
F006,118674,53045,0.447,0.6801,0.736,0.5894,0.8028,2024-08-17,S2B_37TDK_20240817_0_L2A,0.23
F006,118674,53045,0.447,0.6554,0.7092,0.5583,0.7873,2024-08-20,S2B_37TDK_20240820_0_L2A,1.16
F006,118674,53045,0.447,0.5818,0.6056,0.505,0.6857,2024-09-04,S2A_37TDK_20240904_0_L2A,13.54
F006,118674,53045,0.447,0.5433,0.5435,0.454,0.6478,2024-09-11,S2A_37TDK_20240911_0_L2A,0.0
F006,118674,53045,0.447,0.524,0.5191,0.4311,0.6255,2024-09-14,S2A_37TDK_20240914_0_L2A,1.5
F006,118674,53045,0.447,0.3442,0.2966,0.2119,0.4288,2024-09-29,S2B_37TDK_20240929_0_L2A,0.01
F007,59488,54195,0.911,0.2365,0.2221,0.1593,0.2899,2023-10-05,S2B_37TDK_20231005_0_L2A,19.77
F007,59488,55715,0.937,0.2943,0.2612,0.2037,0.3557,2023-10-07,S2A_37TDK_20231007_0_L2A,0.06
F007,59488,55715,0.937,0.2774,0.2419,0.189,0.3408,2023-10-12,S2B_37TDK_20231012_0_L2A,10.64
F007,59488,55715,0.937,0.2691,0.2349,0.1844,0.3233,2023-10-15,S2B_37TDK_20231015_0_L2A,0.0
F007,59488,55607,0.935,0.2139,0.1858,0.1505,0.2545,2023-10-22,S2B_37TDK_20231022_0_L2A,0.01
F007,59488,55715,0.937,0.2577,0.2331,0.1937,0.2984,2023-10-30,S2A_37TDK_20231030_0_L2A,1.56
F007,59488,98,0.002,-0.0417,-0.0473,-0.0635,-0.0198,2024-01-10,S2B_37TDK_20240110_0_L2A,12.41
F007,59488,55715,0.937,0.3505,0.3217,0.23,0.4733,2024-01-30,S2B_37TDK_20240130_0_L2A,5.39
F007,59488,55715,0.937,0.3459,0.31,0.2226,0.4621,2024-02-24,S2A_37TDK_20240224_0_L2A,10.21
F007,59488,55703,0.936,0.3315,0.2998,0.2113,0.4386,2024-02-27,S2A_37TDK_20240227_0_L2A,4.32
F007,59488,55715,0.937,0.3339,0.2984,0.2087,0.4444,2024-02-29,S2B_37TDK_20240229_0_L2A,6.59
F007,59488,55715,0.937,0.3421,0.3098,0.2018,0.4611,2024-03-10,S2B_37TDK_20240310_0_L2A,7.42
F007,59488,55715,0.937,0.4195,0.3735,0.2233,0.5962,2024-03-25,S2A_37TDK_20240325_0_L2A,2.96
F007,59488,55715,0.937,0.4968,0.459,0.218,0.7823,2024-04-07,S2A_37TDK_20240407_0_L2A,0.08
F007,59488,55715,0.937,0.4774,0.4466,0.1987,0.762,2024-04-09,S2B_37TDK_20240409_0_L2A,0.76
F007,59488,55715,0.937,0.5001,0.5039,0.1958,0.799,2024-04-22,S2B_37TDK_20240422_0_L2A,0.76
F007,59488,55715,0.937,0.4856,0.5401,0.1921,0.7809,2024-05-04,S2A_37TDK_20240504_0_L2A,15.83
F007,59488,55715,0.937,0.4766,0.5121,0.1873,0.7836,2024-05-07,S2A_37TDK_20240507_0_L2A,0.05
F007,59488,55715,0.937,0.5246,0.624,0.2202,0.7856,2024-05-22,S2B_37TDK_20240522_0_L2A,0.0
F007,59488,55715,0.937,0.5201,0.6154,0.2249,0.7725,2024-05-22,S2B_37TDK_20240522_1_L2A,0.28
F007,59488,55715,0.937,0.5004,0.596,0.2248,0.7413,2024-05-24,S2A_37TDK_20240524_0_L2A,0.01
F007,59488,55715,0.937,0.4691,0.5663,0.2174,0.6995,2024-06-01,S2B_37TDK_20240601_0_L2A,1.18
F007,59488,55715,0.937,0.4209,0.507,0.1863,0.6383,2024-06-03,S2A_37TDK_20240603_0_L2A,0.09
F007,59488,55715,0.937,0.365,0.3154,0.2603,0.4615,2024-06-11,S2B_37TDK_20240611_0_L2A,1.67
F007,59488,46992,0.79,0.3348,0.2773,0.2282,0.428,2024-06-13,S2A_37TDK_20240613_0_L2A,17.3
F007,59488,52715,0.886,0.3865,0.3313,0.2259,0.5326,2024-06-18,S2B_37TDK_20240618_0_L2A,4.92
F007,59488,55715,0.937,0.4095,0.3405,0.2367,0.5806,2024-06-21,S2B_37TDK_20240621_0_L2A,0.28
F007,59488,55715,0.937,0.3954,0.3315,0.2189,0.5702,2024-06-23,S2A_37TDK_20240623_0_L2A,3.36
F007,59488,54241,0.912,0.4096,0.3349,0.2249,0.5953,2024-06-26,S2A_37TDK_20240626_0_L2A,9.1
F007,59488,43953,0.739,0.3479,0.2648,0.1923,0.4813,2024-06-28,S2B_37TDK_20240628_0_L2A,19.86
F007,59488,55715,0.937,0.4013,0.3051,0.1775,0.6181,2024-07-01,S2B_37TDK_20240701_0_L2A,0.01
F007,59488,55715,0.937,0.4008,0.2975,0.1908,0.59,2024-07-03,S2A_37TDK_20240703_0_L2A,15.23
F007,59488,55715,0.937,0.3947,0.3135,0.1694,0.5678,2024-07-18,S2B_37TDK_20240718_0_L2A,0.02
F007,59488,55715,0.937,0.4123,0.3424,0.1685,0.5965,2024-07-21,S2B_37TDK_20240721_0_L2A,0.22
F007,59488,55715,0.937,0.4188,0.3592,0.1751,0.5981,2024-07-28,S2B_37TDK_20240728_0_L2A,0.1
F007,59488,39773,0.669,0.4001,0.3224,0.1844,0.5596,2024-08-02,S2A_37TDK_20240802_0_L2A,15.43
F007,59488,55715,0.937,0.3772,0.2459,0.1606,0.5568,2024-08-10,S2B_37TDK_20240810_0_L2A,0.3
F007,59488,36608,0.615,0.3603,0.2478,0.167,0.4811,2024-08-12,S2A_37TDK_20240812_0_L2A,11.96
F007,59488,45156,0.759,0.4084,0.3038,0.1611,0.6986,2024-08-15,S2A_37TDK_20240815_0_L2A,1.41
F007,59488,55255,0.929,0.3722,0.2588,0.1764,0.5406,2024-08-17,S2B_37TDK_20240817_0_L2A,0.23
F007,59488,55715,0.937,0.3465,0.2383,0.1505,0.5083,2024-08-20,S2B_37TDK_20240820_0_L2A,1.16
F007,59488,55715,0.937,0.3344,0.2715,0.1626,0.5088,2024-09-04,S2A_37TDK_20240904_0_L2A,13.54
F007,59488,55715,0.937,0.3185,0.2551,0.1705,0.4656,2024-09-11,S2A_37TDK_20240911_0_L2A,0.0
F007,59488,55715,0.937,0.2983,0.2381,0.1598,0.4311,2024-09-14,S2A_37TDK_20240914_0_L2A,1.5
F007,59488,55715,0.937,0.2113,0.1842,0.117,0.2806,2024-09-29,S2B_37TDK_20240929_0_L2A,0.01
F008,83485,52016,0.623,0.2152,0.19,0.1389,0.2698,2023-10-05,S2B_37TDK_20231005_0_L2A,19.77
F008,83485,52363,0.627,0.2723,0.234,0.1829,0.3379,2023-10-07,S2A_37TDK_20231007_0_L2A,0.06
F008,83485,52363,0.627,0.2528,0.2112,0.1731,0.3135,2023-10-12,S2B_37TDK_20231012_0_L2A,10.64
F008,83485,52363,0.627,0.2479,0.2092,0.1725,0.3057,2023-10-15,S2B_37TDK_20231015_0_L2A,0.0
F008,83485,52033,0.623,0.1544,0.146,0.0987,0.1987,2023-10-22,S2B_37TDK_20231022_0_L2A,0.01
F008,83485,52363,0.627,0.2436,0.2104,0.1719,0.3102,2023-10-30,S2A_37TDK_20231030_0_L2A,1.56
F008,83485,256,0.003,-0.1581,-0.1575,-0.2457,-0.0685,2024-01-10,S2B_37TDK_20240110_0_L2A,12.41
F008,83485,52363,0.627,0.3206,0.2892,0.2137,0.4672,2024-01-30,S2B_37TDK_20240130_0_L2A,5.39
F008,83485,52363,0.627,0.3205,0.2834,0.2183,0.4382,2024-02-24,S2A_37TDK_20240224_0_L2A,10.21
F008,83485,52271,0.626,0.3152,0.2771,0.2171,0.43,2024-02-27,S2A_37TDK_20240227_0_L2A,4.32
F008,83485,52363,0.627,0.312,0.2747,0.2102,0.4331,2024-02-29,S2B_37TDK_20240229_0_L2A,6.59
F008,83485,52363,0.627,0.3299,0.2924,0.216,0.4498,2024-03-10,S2B_37TDK_20240310_0_L2A,7.42
F008,83485,52363,0.627,0.3608,0.2852,0.1919,0.532,2024-03-25,S2A_37TDK_20240325_0_L2A,2.96
F008,83485,52363,0.627,0.3823,0.2633,0.1963,0.5611,2024-04-07,S2A_37TDK_20240407_0_L2A,0.08
F008,83485,52363,0.627,0.3579,0.2342,0.1657,0.5539,2024-04-09,S2B_37TDK_20240409_0_L2A,0.76
F008,83485,52363,0.627,0.3941,0.2183,0.1705,0.6891,2024-04-22,S2B_37TDK_20240422_0_L2A,0.76
F008,83485,52363,0.627,0.3923,0.2159,0.1644,0.7042,2024-05-04,S2A_37TDK_20240504_0_L2A,15.83
F008,83485,52363,0.627,0.3966,0.2267,0.1638,0.7095,2024-05-07,S2A_37TDK_20240507_0_L2A,0.05
F008,83485,52363,0.627,0.4057,0.3007,0.1515,0.7266,2024-05-22,S2B_37TDK_20240522_0_L2A,0.0
F008,83485,52363,0.627,0.403,0.2978,0.1557,0.7154,2024-05-22,S2B_37TDK_20240522_1_L2A,0.28
F008,83485,52363,0.627,0.3719,0.281,0.1363,0.6753,2024-05-24,S2A_37TDK_20240524_0_L2A,0.01
F008,83485,52363,0.627,0.3265,0.3102,0.1102,0.5574,2024-06-01,S2B_37TDK_20240601_0_L2A,1.18
F008,83485,52363,0.627,0.266,0.2916,0.0971,0.4778,2024-06-03,S2A_37TDK_20240603_0_L2A,0.09
F008,83485,52363,0.627,0.3148,0.2675,0.2184,0.3852,2024-06-11,S2B_37TDK_20240611_0_L2A,1.67
F008,83485,17559,0.21,0.3009,0.2265,0.1942,0.367,2024-06-13,S2A_37TDK_20240613_0_L2A,17.3
F008,83485,47705,0.571,0.4253,0.4371,0.2284,0.5891,2024-06-18,S2B_37TDK_20240618_0_L2A,4.92
F008,83485,52363,0.627,0.4755,0.4902,0.2731,0.6578,2024-06-21,S2B_37TDK_20240621_0_L2A,0.28
F008,83485,52363,0.627,0.4319,0.4443,0.2326,0.6086,2024-06-23,S2A_37TDK_20240623_0_L2A,3.36
F008,83485,47783,0.572,0.469,0.4945,0.2829,0.6509,2024-06-26,S2A_37TDK_20240626_0_L2A,9.1
F008,83485,35819,0.429,0.4279,0.4537,0.1396,0.634,2024-06-28,S2B_37TDK_20240628_0_L2A,19.86
F008,83485,52363,0.627,0.4831,0.5239,0.2183,0.7039,2024-07-01,S2B_37TDK_20240701_0_L2A,0.01
F008,83485,52363,0.627,0.4974,0.5519,0.2007,0.7472,2024-07-03,S2A_37TDK_20240703_0_L2A,15.23
F008,83485,52363,0.627,0.5188,0.5615,0.2078,0.7846,2024-07-18,S2B_37TDK_20240718_0_L2A,0.02
F008,83485,52363,0.627,0.5415,0.5804,0.2157,0.8372,2024-07-21,S2B_37TDK_20240721_0_L2A,0.22
F008,83485,52363,0.627,0.5573,0.6155,0.2358,0.8406,2024-07-28,S2B_37TDK_20240728_0_L2A,0.1
F008,83485,17090,0.205,0.5687,0.6686,0.1781,0.859,2024-08-02,S2A_37TDK_20240802_0_L2A,15.43
F008,83485,52363,0.627,0.5709,0.6335,0.187,0.8873,2024-08-10,S2B_37TDK_20240810_0_L2A,0.3
F008,83485,52137,0.625,0.5446,0.5962,0.1758,0.8498,2024-08-12,S2A_37TDK_20240812_0_L2A,11.96
F008,83485,46655,0.559,0.5478,0.5916,0.2045,0.8412,2024-08-15,S2A_37TDK_20240815_0_L2A,1.41
F008,83485,52311,0.627,0.5456,0.5902,0.2002,0.8368,2024-08-17,S2B_37TDK_20240817_0_L2A,0.23
F008,83485,52363,0.627,0.5341,0.5638,0.1848,0.8288,2024-08-20,S2B_37TDK_20240820_0_L2A,1.16
F008,83485,52363,0.627,0.5053,0.5471,0.1933,0.7673,2024-09-04,S2A_37TDK_20240904_0_L2A,13.54
F008,83485,52363,0.627,0.4665,0.5115,0.1906,0.7047,2024-09-11,S2A_37TDK_20240911_0_L2A,0.0
F008,83485,52363,0.627,0.4493,0.4844,0.1829,0.6727,2024-09-14,S2A_37TDK_20240914_0_L2A,1.5
F008,83485,52363,0.627,0.345,0.3734,0.1579,0.4844,2024-09-29,S2B_37TDK_20240929_0_L2A,0.01
F009,59392,48961,0.824,0.2844,0.2722,0.1853,0.3721,2023-10-05,S2B_37TDK_20231005_0_L2A,19.77
F009,59392,48961,0.824,0.3292,0.282,0.2067,0.4403,2023-10-07,S2A_37TDK_20231007_0_L2A,0.06
F009,59392,48961,0.824,0.3186,0.2593,0.1965,0.434,2023-10-12,S2B_37TDK_20231012_0_L2A,10.64
F009,59392,48961,0.824,0.3135,0.246,0.1884,0.4242,2023-10-15,S2B_37TDK_20231015_0_L2A,0.0
F009,59392,48961,0.824,0.241,0.1876,0.1486,0.3267,2023-10-22,S2B_37TDK_20231022_0_L2A,0.01
F009,59392,48961,0.824,0.2647,0.205,0.1675,0.364,2023-10-30,S2A_37TDK_20231030_0_L2A,1.56
F009,59392,633,0.011,0.0412,0.0472,0.0362,0.0594,2024-01-10,S2B_37TDK_20240110_0_L2A,12.41
F009,59392,48961,0.824,0.245,0.2452,0.175,0.3435,2024-01-30,S2B_37TDK_20240130_0_L2A,5.39
F009,59392,48961,0.824,0.2337,0.2259,0.1667,0.312,2024-02-24,S2A_37TDK_20240224_0_L2A,10.21
F009,59392,48869,0.823,0.2325,0.2213,0.1659,0.3095,2024-02-27,S2A_37TDK_20240227_0_L2A,4.32
F009,59392,48953,0.824,0.2297,0.218,0.1645,0.3118,2024-02-29,S2B_37TDK_20240229_0_L2A,6.59
F009,59392,48957,0.824,0.2478,0.2197,0.1653,0.3265,2024-03-10,S2B_37TDK_20240310_0_L2A,7.42
F009,59392,48961,0.824,0.2923,0.2247,0.1624,0.3922,2024-03-25,S2A_37TDK_20240325_0_L2A,2.96
F009,59392,48961,0.824,0.3514,0.2293,0.1553,0.5276,2024-04-07,S2A_37TDK_20240407_0_L2A,0.08
F009,59392,48961,0.824,0.3361,0.213,0.1352,0.5168,2024-04-09,S2B_37TDK_20240409_0_L2A,0.76
F009,59392,48961,0.824,0.4121,0.3105,0.1514,0.6896,2024-04-22,S2B_37TDK_20240422_0_L2A,0.76
F009,59392,48961,0.824,0.412,0.3306,0.1367,0.7294,2024-05-04,S2A_37TDK_20240504_0_L2A,15.83
F009,59392,48961,0.824,0.4198,0.3665,0.1374,0.7436,2024-05-07,S2A_37TDK_20240507_0_L2A,0.05
F009,59392,0,0.0,,,,,2024-05-22,S2B_37TDK_20240522_0_L2A,0.0
F009,59392,48961,0.824,0.4386,0.3838,0.172,0.7506,2024-05-22,S2B_37TDK_20240522_1_L2A,0.28
F009,59392,48961,0.824,0.4329,0.3742,0.1696,0.731,2024-05-24,S2A_37TDK_20240524_0_L2A,0.01
F009,59392,48961,0.824,0.4629,0.4493,0.2387,0.7157,2024-06-01,S2B_37TDK_20240601_0_L2A,1.18
F009,59392,48961,0.824,0.4451,0.4401,0.2372,0.7009,2024-06-03,S2A_37TDK_20240603_0_L2A,0.09
F009,59392,48961,0.824,0.4525,0.4273,0.3167,0.598,2024-06-11,S2B_37TDK_20240611_0_L2A,1.67
F009,59392,30609,0.515,0.421,0.4227,0.2976,0.5595,2024-06-13,S2A_37TDK_20240613_0_L2A,17.3
F009,59392,48961,0.824,0.5084,0.534,0.3739,0.6642,2024-06-18,S2B_37TDK_20240618_0_L2A,4.92
F009,59392,48961,0.824,0.55,0.5823,0.4183,0.7046,2024-06-21,S2B_37TDK_20240621_0_L2A,0.28
F009,59392,48961,0.824,0.5294,0.5621,0.3939,0.6859,2024-06-23,S2A_37TDK_20240623_0_L2A,3.36
F009,59392,28525,0.48,0.5467,0.5799,0.4126,0.6943,2024-06-26,S2A_37TDK_20240626_0_L2A,9.1
F009,59392,48961,0.824,0.5395,0.5878,0.3993,0.7281,2024-06-28,S2B_37TDK_20240628_0_L2A,19.86
F009,59392,48961,0.824,0.5577,0.596,0.4172,0.73,2024-07-01,S2B_37TDK_20240701_0_L2A,0.01
F009,59392,48961,0.824,0.5477,0.6023,0.3977,0.735,2024-07-03,S2A_37TDK_20240703_0_L2A,15.23
F009,59392,48961,0.824,0.5093,0.5463,0.3289,0.7043,2024-07-18,S2B_37TDK_20240718_0_L2A,0.02
F009,59392,48961,0.824,0.5486,0.603,0.3575,0.7512,2024-07-21,S2B_37TDK_20240721_0_L2A,0.22
F009,59392,48961,0.824,0.5556,0.6214,0.3659,0.7551,2024-07-28,S2B_37TDK_20240728_0_L2A,0.1
F009,59392,48961,0.824,0.5594,0.6209,0.3925,0.7488,2024-08-02,S2A_37TDK_20240802_0_L2A,15.43
F009,59392,48961,0.824,0.5723,0.6234,0.4326,0.7475,2024-08-10,S2B_37TDK_20240810_0_L2A,0.3
F009,59392,44916,0.756,0.5465,0.5975,0.3865,0.7355,2024-08-12,S2A_37TDK_20240812_0_L2A,11.96
F009,59392,48961,0.824,0.5655,0.6073,0.4279,0.7433,2024-08-15,S2A_37TDK_20240815_0_L2A,1.41
F009,59392,48961,0.824,0.5403,0.5762,0.41,0.7034,2024-08-17,S2B_37TDK_20240817_0_L2A,0.23
F009,59392,48961,0.824,0.518,0.5437,0.3764,0.6795,2024-08-20,S2B_37TDK_20240820_0_L2A,1.16
F009,59392,48961,0.824,0.4446,0.4665,0.279,0.6034,2024-09-04,S2A_37TDK_20240904_0_L2A,13.54
F009,59392,48961,0.824,0.4078,0.4076,0.233,0.5632,2024-09-11,S2A_37TDK_20240911_0_L2A,0.0
F009,59392,48961,0.824,0.3715,0.3708,0.187,0.5196,2024-09-14,S2A_37TDK_20240914_0_L2A,1.5
F009,59392,48961,0.824,0.3214,0.2723,0.1667,0.4417,2024-09-29,S2B_37TDK_20240929_0_L2A,0.01
F010,48960,46660,0.953,0.3034,0.2673,0.166,0.4145,2023-10-05,S2B_37TDK_20231005_0_L2A,19.77
F010,48960,46880,0.958,0.339,0.276,0.187,0.4558,2023-10-07,S2A_37TDK_20231007_0_L2A,0.06
F010,48960,46704,0.954,0.3277,0.2382,0.1849,0.4469,2023-10-12,S2B_37TDK_20231012_0_L2A,10.64
F010,48960,46880,0.958,0.3355,0.262,0.1812,0.4726,2023-10-15,S2B_37TDK_20231015_0_L2A,0.0
F010,48960,46880,0.958,0.2481,0.1826,0.1413,0.347,2023-10-22,S2B_37TDK_20231022_0_L2A,0.01
F010,48960,46880,0.958,0.2667,0.199,0.1543,0.3821,2023-10-30,S2A_37TDK_20231030_0_L2A,1.56
F010,48960,84,0.002,0.0408,0.0358,0.0286,0.0422,2024-01-10,S2B_37TDK_20240110_0_L2A,12.41
F010,48960,46880,0.958,0.2877,0.2476,0.2059,0.3609,2024-01-30,S2B_37TDK_20240130_0_L2A,5.39
F010,48960,46880,0.958,0.2838,0.2371,0.2,0.3563,2024-02-24,S2A_37TDK_20240224_0_L2A,10.21
F010,48960,46876,0.957,0.2726,0.2278,0.1891,0.3454,2024-02-27,S2A_37TDK_20240227_0_L2A,4.32
F010,48960,46880,0.958,0.2792,0.228,0.192,0.3553,2024-02-29,S2B_37TDK_20240229_0_L2A,6.59
F010,48960,46880,0.958,0.2804,0.2222,0.1816,0.3668,2024-03-10,S2B_37TDK_20240310_0_L2A,7.42
F010,48960,46880,0.958,0.3357,0.245,0.1932,0.4513,2024-03-25,S2A_37TDK_20240325_0_L2A,2.96
F010,48960,46880,0.958,0.4348,0.3426,0.2686,0.571,2024-04-07,S2A_37TDK_20240407_0_L2A,0.08
F010,48960,46880,0.958,0.416,0.3341,0.2595,0.5438,2024-04-09,S2B_37TDK_20240409_0_L2A,0.76
F010,48960,46880,0.958,0.5286,0.5074,0.3884,0.6924,2024-04-22,S2B_37TDK_20240422_0_L2A,0.76
F010,48960,46880,0.958,0.5668,0.6093,0.4278,0.7212,2024-05-04,S2A_37TDK_20240504_0_L2A,15.83
F010,48960,46880,0.958,0.5738,0.6371,0.4484,0.7351,2024-05-07,S2A_37TDK_20240507_0_L2A,0.05
F010,48960,33692,0.688,0.6509,0.7556,0.5449,0.8188,2024-05-22,S2B_37TDK_20240522_0_L2A,0.0
F010,48960,46880,0.958,0.6518,0.7373,0.5618,0.8056,2024-05-22,S2B_37TDK_20240522_1_L2A,0.28
F010,48960,46880,0.958,0.6244,0.7208,0.5493,0.7967,2024-05-24,S2A_37TDK_20240524_0_L2A,0.01
F010,48960,42402,0.866,0.66,0.727,0.569,0.8143,2024-06-01,S2B_37TDK_20240601_0_L2A,1.18
F010,48960,46880,0.958,0.6318,0.7058,0.491,0.8133,2024-06-03,S2A_37TDK_20240603_0_L2A,0.09
F010,48960,46880,0.958,0.5576,0.5712,0.4031,0.7025,2024-06-11,S2B_37TDK_20240611_0_L2A,1.67
F010,48960,46806,0.956,0.5148,0.5085,0.372,0.6378,2024-06-13,S2A_37TDK_20240613_0_L2A,17.3
F010,48960,40994,0.837,0.5188,0.4617,0.3322,0.7178,2024-06-18,S2B_37TDK_20240618_0_L2A,4.92
F010,48960,46868,0.957,0.5117,0.4329,0.3166,0.7282,2024-06-21,S2B_37TDK_20240621_0_L2A,0.28
F010,48960,46880,0.958,0.48,0.3942,0.2865,0.6917,2024-06-23,S2A_37TDK_20240623_0_L2A,3.36
F010,48960,46880,0.958,0.4872,0.3929,0.2766,0.7254,2024-06-26,S2A_37TDK_20240626_0_L2A,9.1
F010,48960,13865,0.283,0.4572,0.426,0.2232,0.6912,2024-06-28,S2B_37TDK_20240628_0_L2A,19.86
F010,48960,46880,0.958,0.4604,0.3502,0.2205,0.7303,2024-07-01,S2B_37TDK_20240701_0_L2A,0.01
F010,48960,46880,0.958,0.4519,0.3341,0.1924,0.7496,2024-07-03,S2A_37TDK_20240703_0_L2A,15.23
F010,48960,46880,0.958,0.4158,0.3002,0.1655,0.6784,2024-07-18,S2B_37TDK_20240718_0_L2A,0.02
F010,48960,46880,0.958,0.4237,0.3109,0.1696,0.6862,2024-07-21,S2B_37TDK_20240721_0_L2A,0.22
F010,48960,46880,0.958,0.4545,0.3614,0.1905,0.7269,2024-07-28,S2B_37TDK_20240728_0_L2A,0.1
F010,48960,8718,0.178,0.3219,0.1822,0.1319,0.5206,2024-08-02,S2A_37TDK_20240802_0_L2A,15.43
F010,48960,46880,0.958,0.4483,0.3684,0.1716,0.7361,2024-08-10,S2B_37TDK_20240810_0_L2A,0.3
F010,48960,31188,0.637,0.4242,0.3003,0.1442,0.7839,2024-08-12,S2A_37TDK_20240812_0_L2A,11.96
F010,48960,46880,0.958,0.4597,0.4046,0.1755,0.7544,2024-08-15,S2A_37TDK_20240815_0_L2A,1.41
F010,48960,46880,0.958,0.4476,0.3934,0.18,0.726,2024-08-17,S2B_37TDK_20240817_0_L2A,0.23
F010,48960,46880,0.958,0.4216,0.3562,0.1624,0.6977,2024-08-20,S2B_37TDK_20240820_0_L2A,1.16
F010,48960,46880,0.958,0.4056,0.3794,0.1639,0.6216,2024-09-04,S2A_37TDK_20240904_0_L2A,13.54
F010,48960,46880,0.958,0.4279,0.4078,0.195,0.6152,2024-09-11,S2A_37TDK_20240911_0_L2A,0.0
F010,48960,46880,0.958,0.3961,0.3646,0.1903,0.5685,2024-09-14,S2A_37TDK_20240914_0_L2A,1.5
F010,48960,46880,0.958,0.4126,0.3733,0.2188,0.5877,2024-09-29,S2B_37TDK_20240929_0_L2A,0.01
F011,53500,19664,0.368,0.1846,0.1547,0.1304,0.2133,2023-10-05,S2B_37TDK_20231005_0_L2A,19.77
F011,53500,44410,0.83,0.2547,0.2132,0.1889,0.2846,2023-10-07,S2A_37TDK_20231007_0_L2A,0.06
F011,53500,44410,0.83,0.2512,0.2094,0.1886,0.2813,2023-10-12,S2B_37TDK_20231012_0_L2A,10.64
F011,53500,44410,0.83,0.248,0.2127,0.1923,0.2598,2023-10-15,S2B_37TDK_20231015_0_L2A,0.0
F011,53500,44410,0.83,0.161,0.1416,0.1148,0.1734,2023-10-22,S2B_37TDK_20231022_0_L2A,0.01
F011,53500,44410,0.83,0.2227,0.1959,0.1719,0.2455,2023-10-30,S2A_37TDK_20231030_0_L2A,1.56
F011,53500,156,0.003,0.0343,0.0342,0.0311,0.0373,2024-01-10,S2B_37TDK_20240110_0_L2A,12.41
F011,53500,44410,0.83,0.3749,0.2836,0.2212,0.5525,2024-01-30,S2B_37TDK_20240130_0_L2A,5.39
F011,53500,44410,0.83,0.3549,0.2489,0.2144,0.5248,2024-02-24,S2A_37TDK_20240224_0_L2A,10.21
F011,53500,44410,0.83,0.3446,0.2414,0.2041,0.5022,2024-02-27,S2A_37TDK_20240227_0_L2A,4.32
F011,53500,44410,0.83,0.3414,0.2364,0.1877,0.5051,2024-02-29,S2B_37TDK_20240229_0_L2A,6.59
F011,53500,44410,0.83,0.3579,0.2416,0.1725,0.5629,2024-03-10,S2B_37TDK_20240310_0_L2A,7.42
F011,53500,44410,0.83,0.4069,0.2443,0.1732,0.7024,2024-03-25,S2A_37TDK_20240325_0_L2A,2.96
F011,53500,44410,0.83,0.4526,0.2757,0.1642,0.8442,2024-04-07,S2A_37TDK_20240407_0_L2A,0.08
F011,53500,44410,0.83,0.4286,0.2303,0.1482,0.8217,2024-04-09,S2B_37TDK_20240409_0_L2A,0.76
F011,53500,44410,0.83,0.458,0.2917,0.1678,0.8495,2024-04-22,S2B_37TDK_20240422_0_L2A,0.76
F011,53500,44410,0.83,0.4097,0.356,0.054,0.822,2024-05-04,S2A_37TDK_20240504_0_L2A,15.83
F011,53500,44410,0.83,0.409,0.354,0.0429,0.831,2024-05-07,S2A_37TDK_20240507_0_L2A,0.05
F011,53500,44410,0.83,0.4383,0.4456,0.0928,0.8117,2024-05-22,S2B_37TDK_20240522_0_L2A,0.0
F011,53500,44410,0.83,0.441,0.4375,0.1122,0.799,2024-05-22,S2B_37TDK_20240522_1_L2A,0.28
F011,53500,44410,0.83,0.4153,0.42,0.0989,0.7584,2024-05-24,S2A_37TDK_20240524_0_L2A,0.01
F011,53500,44410,0.83,0.4551,0.5043,0.2457,0.643,2024-06-01,S2B_37TDK_20240601_0_L2A,1.18
F011,53500,44410,0.83,0.3731,0.4395,0.1369,0.5836,2024-06-03,S2A_37TDK_20240603_0_L2A,0.09
F011,53500,44410,0.83,0.4458,0.4222,0.3243,0.5661,2024-06-11,S2B_37TDK_20240611_0_L2A,1.67
F011,53500,15328,0.287,0.3607,0.2818,0.2218,0.499,2024-06-13,S2A_37TDK_20240613_0_L2A,17.3
F011,53500,41602,0.778,0.4712,0.4859,0.2569,0.6525,2024-06-18,S2B_37TDK_20240618_0_L2A,4.92
F011,53500,44410,0.83,0.5478,0.6131,0.2981,0.7399,2024-06-21,S2B_37TDK_20240621_0_L2A,0.28
F011,53500,44410,0.83,0.5226,0.5949,0.2663,0.7201,2024-06-23,S2A_37TDK_20240623_0_L2A,3.36
F011,53500,42767,0.799,0.5532,0.6237,0.2749,0.7768,2024-06-26,S2A_37TDK_20240626_0_L2A,9.1
F011,53500,23711,0.443,0.5591,0.6469,0.2952,0.7705,2024-06-28,S2B_37TDK_20240628_0_L2A,19.86
F011,53500,44410,0.83,0.5778,0.6787,0.2341,0.8432,2024-07-01,S2B_37TDK_20240701_0_L2A,0.01
F011,53500,44410,0.83,0.5686,0.6725,0.2115,0.845,2024-07-03,S2A_37TDK_20240703_0_L2A,15.23
F011,53500,44410,0.83,0.5498,0.6172,0.2146,0.8234,2024-07-18,S2B_37TDK_20240718_0_L2A,0.02
F011,53500,44410,0.83,0.5713,0.6386,0.2199,0.8648,2024-07-21,S2B_37TDK_20240721_0_L2A,0.22
F011,53500,44410,0.83,0.5679,0.6465,0.1957,0.8652,2024-07-28,S2B_37TDK_20240728_0_L2A,0.1
F011,53500,0,0.0,,,,,2024-08-02,S2A_37TDK_20240802_0_L2A,15.43
F011,53500,44410,0.83,0.5509,0.6095,0.1944,0.8524,2024-08-10,S2B_37TDK_20240810_0_L2A,0.3
F011,53500,22363,0.418,0.542,0.6786,0.2119,0.7966,2024-08-12,S2A_37TDK_20240812_0_L2A,11.96
F011,53500,38187,0.714,0.5264,0.5926,0.1972,0.8061,2024-08-15,S2A_37TDK_20240815_0_L2A,1.41
F011,53500,44410,0.83,0.5072,0.5602,0.2019,0.7662,2024-08-17,S2B_37TDK_20240817_0_L2A,0.23
F011,53500,44410,0.83,0.4811,0.537,0.1883,0.7269,2024-08-20,S2B_37TDK_20240820_0_L2A,1.16
F011,53500,44291,0.828,0.4032,0.4872,0.1832,0.5681,2024-09-04,S2A_37TDK_20240904_0_L2A,13.54
F011,53500,44410,0.83,0.3585,0.3634,0.2028,0.4796,2024-09-11,S2A_37TDK_20240911_0_L2A,0.0
F011,53500,44410,0.83,0.3394,0.3461,0.2005,0.4404,2024-09-14,S2A_37TDK_20240914_0_L2A,1.5
F011,53500,44410,0.83,0.2369,0.1816,0.1569,0.2835,2024-09-29,S2B_37TDK_20240929_0_L2A,0.01
F012,83160,43141,0.519,0.2818,0.2725,0.1922,0.3677,2023-10-05,S2B_37TDK_20231005_0_L2A,19.77
F012,83160,43141,0.519,0.3331,0.3075,0.2305,0.4168,2023-10-07,S2A_37TDK_20231007_0_L2A,0.06
F012,83160,43141,0.519,0.3092,0.2767,0.214,0.3662,2023-10-12,S2B_37TDK_20231012_0_L2A,10.64
F012,83160,43141,0.519,0.287,0.2428,0.2065,0.3116,2023-10-15,S2B_37TDK_20231015_0_L2A,0.0
F012,83160,42160,0.507,0.218,0.1852,0.159,0.2449,2023-10-22,S2B_37TDK_20231022_0_L2A,0.01
F012,83160,43141,0.519,0.2354,0.1903,0.1673,0.2649,2023-10-30,S2A_37TDK_20231030_0_L2A,1.56
F012,83160,4048,0.049,-0.0801,-0.0835,-0.0977,-0.068,2024-01-10,S2B_37TDK_20240110_0_L2A,12.41
F012,83160,43141,0.519,0.2353,0.2282,0.1961,0.2675,2024-01-30,S2B_37TDK_20240130_0_L2A,5.39
F012,83160,43141,0.519,0.2221,0.2063,0.1806,0.2442,2024-02-24,S2A_37TDK_20240224_0_L2A,10.21
F012,83160,43129,0.519,0.2198,0.2046,0.1788,0.2421,2024-02-27,S2A_37TDK_20240227_0_L2A,4.32
F012,83160,43141,0.519,0.2198,0.2039,0.177,0.2431,2024-02-29,S2B_37TDK_20240229_0_L2A,6.59
F012,83160,43141,0.519,0.2272,0.2115,0.1798,0.2558,2024-03-10,S2B_37TDK_20240310_0_L2A,7.42
F012,83160,43141,0.519,0.2362,0.1945,0.1745,0.2669,2024-03-25,S2A_37TDK_20240325_0_L2A,2.96
F012,83160,43141,0.519,0.2604,0.1955,0.1667,0.3164,2024-04-07,S2A_37TDK_20240407_0_L2A,0.08
F012,83160,43141,0.519,0.2364,0.1643,0.1457,0.2903,2024-04-09,S2B_37TDK_20240409_0_L2A,0.76
F012,83160,43141,0.519,0.274,0.1818,0.1584,0.3341,2024-04-22,S2B_37TDK_20240422_0_L2A,0.76
F012,83160,43141,0.519,0.2659,0.1724,0.1425,0.3512,2024-05-04,S2A_37TDK_20240504_0_L2A,15.83
F012,83160,43141,0.519,0.2628,0.1737,0.1296,0.369,2024-05-07,S2A_37TDK_20240507_0_L2A,0.05
F012,83160,32299,0.388,0.2747,0.2005,0.1503,0.3138,2024-05-22,S2B_37TDK_20240522_0_L2A,0.0
F012,83160,43141,0.519,0.31,0.2245,0.1697,0.4012,2024-05-22,S2B_37TDK_20240522_1_L2A,0.28
F012,83160,43141,0.519,0.2978,0.212,0.1544,0.3947,2024-05-24,S2A_37TDK_20240524_0_L2A,0.01
F012,83160,43141,0.519,0.3123,0.2767,0.185,0.4279,2024-06-01,S2B_37TDK_20240601_0_L2A,1.18
F012,83160,43141,0.519,0.2813,0.2754,0.1731,0.4378,2024-06-03,S2A_37TDK_20240603_0_L2A,0.09
F012,83160,43141,0.519,0.342,0.3085,0.214,0.4423,2024-06-11,S2B_37TDK_20240611_0_L2A,1.67
F012,83160,671,0.008,0.2267,0.1965,0.1728,0.2231,2024-06-13,S2A_37TDK_20240613_0_L2A,17.3
F012,83160,43141,0.519,0.5002,0.5207,0.3419,0.6509,2024-06-18,S2B_37TDK_20240618_0_L2A,4.92
F012,83160,43141,0.519,0.5833,0.6108,0.4497,0.7344,2024-06-21,S2B_37TDK_20240621_0_L2A,0.28
F012,83160,43141,0.519,0.5674,0.6023,0.4453,0.7152,2024-06-23,S2A_37TDK_20240623_0_L2A,3.36
F012,83160,35704,0.429,0.599,0.6399,0.488,0.7491,2024-06-26,S2A_37TDK_20240626_0_L2A,9.1
F012,83160,40937,0.492,0.6057,0.6623,0.4771,0.7644,2024-06-28,S2B_37TDK_20240628_0_L2A,19.86
F012,83160,43141,0.519,0.6309,0.6955,0.489,0.8043,2024-07-01,S2B_37TDK_20240701_0_L2A,0.01
F012,83160,43141,0.519,0.6502,0.7309,0.5232,0.8253,2024-07-03,S2A_37TDK_20240703_0_L2A,15.23
F012,83160,43141,0.519,0.6744,0.7576,0.5915,0.8101,2024-07-18,S2B_37TDK_20240718_0_L2A,0.02
F012,83160,43141,0.519,0.7144,0.8028,0.6305,0.852,2024-07-21,S2B_37TDK_20240721_0_L2A,0.22
F012,83160,43141,0.519,0.7202,0.8099,0.6466,0.8504,2024-07-28,S2B_37TDK_20240728_0_L2A,0.1
F012,83160,43106,0.518,0.7168,0.8028,0.6393,0.8426,2024-08-02,S2A_37TDK_20240802_0_L2A,15.43
F012,83160,43141,0.519,0.7329,0.812,0.6646,0.8555,2024-08-10,S2B_37TDK_20240810_0_L2A,0.3
F012,83160,35383,0.425,0.6874,0.7644,0.5912,0.8271,2024-08-12,S2A_37TDK_20240812_0_L2A,11.96
F012,83160,42506,0.511,0.7123,0.7801,0.6533,0.8306,2024-08-15,S2A_37TDK_20240815_0_L2A,1.41
F012,83160,43141,0.519,0.6836,0.7397,0.6358,0.7943,2024-08-17,S2B_37TDK_20240817_0_L2A,0.23
F012,83160,43141,0.519,0.6653,0.7159,0.6193,0.7748,2024-08-20,S2B_37TDK_20240820_0_L2A,1.16
F012,83160,43141,0.519,0.575,0.5833,0.5049,0.671,2024-09-04,S2A_37TDK_20240904_0_L2A,13.54
F012,83160,43141,0.519,0.4996,0.5167,0.4092,0.6059,2024-09-11,S2A_37TDK_20240911_0_L2A,0.0
F012,83160,43141,0.519,0.4712,0.4897,0.3821,0.5754,2024-09-14,S2A_37TDK_20240914_0_L2A,1.5
F012,83160,43141,0.519,0.3462,0.3386,0.2506,0.4347,2024-09-29,S2B_37TDK_20240929_0_L2A,0.01
F013,61288,23256,0.379,0.2463,0.2392,0.1778,0.2906,2023-10-05,S2B_37TDK_20231005_0_L2A,19.77
F013,61288,41255,0.673,0.3015,0.2532,0.1965,0.3826,2023-10-07,S2A_37TDK_20231007_0_L2A,0.06
F013,61288,41255,0.673,0.2796,0.2172,0.178,0.3593,2023-10-12,S2B_37TDK_20231012_0_L2A,10.64
F013,61288,41255,0.673,0.2746,0.2091,0.1714,0.3567,2023-10-15,S2B_37TDK_20231015_0_L2A,0.0
F013,61288,41255,0.673,0.2168,0.1643,0.141,0.2701,2023-10-22,S2B_37TDK_20231022_0_L2A,0.01
F013,61288,41255,0.673,0.2366,0.1948,0.1604,0.2974,2023-10-30,S2A_37TDK_20231030_0_L2A,1.56
F013,61288,3145,0.051,-0.0293,-0.0339,-0.0608,-0.0008,2024-01-10,S2B_37TDK_20240110_0_L2A,12.41
F013,61288,41255,0.673,0.3242,0.2794,0.219,0.457,2024-01-30,S2B_37TDK_20240130_0_L2A,5.39
F013,61288,41255,0.673,0.3076,0.2644,0.2,0.4087,2024-02-24,S2A_37TDK_20240224_0_L2A,10.21
F013,61288,41227,0.673,0.309,0.2694,0.2044,0.4037,2024-02-27,S2A_37TDK_20240227_0_L2A,4.32
F013,61288,41095,0.671,0.311,0.2701,0.203,0.4091,2024-02-29,S2B_37TDK_20240229_0_L2A,6.59
F013,61288,41239,0.673,0.3326,0.2774,0.2112,0.4535,2024-03-10,S2B_37TDK_20240310_0_L2A,7.42
F013,61288,41255,0.673,0.3921,0.3174,0.2036,0.5712,2024-03-25,S2A_37TDK_20240325_0_L2A,2.96
F013,61288,41255,0.673,0.4653,0.4,0.1939,0.7267,2024-04-07,S2A_37TDK_20240407_0_L2A,0.08
F013,61288,41255,0.673,0.4506,0.3903,0.1764,0.7182,2024-04-09,S2B_37TDK_20240409_0_L2A,0.76
F013,61288,41255,0.673,0.517,0.5191,0.2057,0.7941,2024-04-22,S2B_37TDK_20240422_0_L2A,0.76
F013,61288,41255,0.673,0.5434,0.6018,0.2275,0.7895,2024-05-04,S2A_37TDK_20240504_0_L2A,15.83
F013,61288,41255,0.673,0.5465,0.6033,0.2344,0.8004,2024-05-07,S2A_37TDK_20240507_0_L2A,0.05
F013,61288,41255,0.673,0.5636,0.6542,0.2854,0.7979,2024-05-22,S2B_37TDK_20240522_0_L2A,0.0
F013,61288,41255,0.673,0.5614,0.6469,0.2916,0.7861,2024-05-22,S2B_37TDK_20240522_1_L2A,0.28
F013,61288,41255,0.673,0.5434,0.6293,0.2827,0.7604,2024-05-24,S2A_37TDK_20240524_0_L2A,0.01
F013,61288,41255,0.673,0.5413,0.6044,0.334,0.7289,2024-06-01,S2B_37TDK_20240601_0_L2A,1.18
F013,61288,41255,0.673,0.5012,0.5512,0.3328,0.6905,2024-06-03,S2A_37TDK_20240603_0_L2A,0.09
F013,61288,41255,0.673,0.4655,0.4361,0.3306,0.595,2024-06-11,S2B_37TDK_20240611_0_L2A,1.67
F013,61288,40428,0.66,0.4276,0.4077,0.28,0.5575,2024-06-13,S2A_37TDK_20240613_0_L2A,17.3
F013,61288,40892,0.667,0.4636,0.4705,0.263,0.6301,2024-06-18,S2B_37TDK_20240618_0_L2A,4.92
F013,61288,41255,0.673,0.4869,0.5145,0.268,0.6782,2024-06-21,S2B_37TDK_20240621_0_L2A,0.28
F013,61288,41255,0.673,0.4567,0.4852,0.2388,0.642,2024-06-23,S2A_37TDK_20240623_0_L2A,3.36
F013,61288,41223,0.673,0.486,0.5289,0.2492,0.6907,2024-06-26,S2A_37TDK_20240626_0_L2A,9.1
F013,61288,40159,0.655,0.4529,0.5005,0.1755,0.6754,2024-06-28,S2B_37TDK_20240628_0_L2A,19.86
F013,61288,41255,0.673,0.4725,0.5248,0.1709,0.6875,2024-07-01,S2B_37TDK_20240701_0_L2A,0.01
F013,61288,41255,0.673,0.4641,0.5189,0.1393,0.6924,2024-07-03,S2A_37TDK_20240703_0_L2A,15.23
F013,61288,41255,0.673,0.4444,0.4725,0.1658,0.6393,2024-07-18,S2B_37TDK_20240718_0_L2A,0.02
F013,61288,41255,0.673,0.4559,0.4835,0.1592,0.6726,2024-07-21,S2B_37TDK_20240721_0_L2A,0.22
F013,61288,41255,0.673,0.4746,0.5145,0.1734,0.7031,2024-07-28,S2B_37TDK_20240728_0_L2A,0.1
F013,61288,37825,0.617,0.4709,0.5118,0.1622,0.7006,2024-08-02,S2A_37TDK_20240802_0_L2A,15.43
F013,61288,41255,0.673,0.4773,0.5273,0.1649,0.709,2024-08-10,S2B_37TDK_20240810_0_L2A,0.3
F013,61288,20256,0.331,0.4621,0.5508,0.1491,0.6628,2024-08-12,S2A_37TDK_20240812_0_L2A,11.96
F013,61288,41255,0.673,0.4598,0.5118,0.1604,0.6687,2024-08-15,S2A_37TDK_20240815_0_L2A,1.41
F013,61288,41255,0.673,0.4441,0.494,0.1668,0.6311,2024-08-17,S2B_37TDK_20240817_0_L2A,0.23
F013,61288,41255,0.673,0.417,0.459,0.1546,0.5862,2024-08-20,S2B_37TDK_20240820_0_L2A,1.16
F013,61288,41255,0.673,0.3823,0.3616,0.1725,0.5523,2024-09-04,S2A_37TDK_20240904_0_L2A,13.54
F013,61288,41255,0.673,0.3742,0.3494,0.171,0.5585,2024-09-11,S2A_37TDK_20240911_0_L2A,0.0
F013,61288,41255,0.673,0.355,0.3257,0.161,0.5411,2024-09-14,S2A_37TDK_20240914_0_L2A,1.5
F013,61288,41255,0.673,0.3226,0.2939,0.1452,0.4798,2024-09-29,S2B_37TDK_20240929_0_L2A,0.01
F014,49120,40118,0.817,0.1723,0.1722,0.118,0.1899,2023-10-05,S2B_37TDK_20231005_0_L2A,19.77
F014,49120,40118,0.817,0.219,0.201,0.1738,0.2242,2023-10-07,S2A_37TDK_20231007_0_L2A,0.06
F014,49120,40118,0.817,0.2184,0.1945,0.1772,0.2224,2023-10-12,S2B_37TDK_20231012_0_L2A,10.64
F014,49120,40118,0.817,0.2162,0.1891,0.1748,0.2211,2023-10-15,S2B_37TDK_20231015_0_L2A,0.0
F014,49120,40118,0.817,0.1631,0.1444,0.1268,0.1664,2023-10-22,S2B_37TDK_20231022_0_L2A,0.01
F014,49120,40118,0.817,0.1959,0.1746,0.1573,0.2059,2023-10-30,S2A_37TDK_20231030_0_L2A,1.56
F014,49120,52,0.001,-0.002,0.0224,-0.0374,0.0267,2024-01-10,S2B_37TDK_20240110_0_L2A,12.41
F014,49120,40118,0.817,0.2268,0.2045,0.1461,0.2875,2024-01-30,S2B_37TDK_20240130_0_L2A,5.39
F014,49120,40118,0.817,0.2492,0.2026,0.1753,0.2996,2024-02-24,S2A_37TDK_20240224_0_L2A,10.21
F014,49120,40118,0.817,0.2344,0.1877,0.1613,0.2872,2024-02-27,S2A_37TDK_20240227_0_L2A,4.32
F014,49120,40118,0.817,0.2373,0.189,0.1608,0.293,2024-02-29,S2B_37TDK_20240229_0_L2A,6.59
F014,49120,40118,0.817,0.2484,0.1907,0.1569,0.3221,2024-03-10,S2B_37TDK_20240310_0_L2A,7.42
F014,49120,40118,0.817,0.3079,0.224,0.1693,0.4176,2024-03-25,S2A_37TDK_20240325_0_L2A,2.96
F014,49120,40118,0.817,0.3507,0.2797,0.1794,0.4696,2024-04-07,S2A_37TDK_20240407_0_L2A,0.08
F014,49120,40118,0.817,0.2803,0.1817,0.1272,0.3767,2024-04-09,S2B_37TDK_20240409_0_L2A,0.76
F014,49120,40118,0.817,0.2927,0.182,0.1555,0.3849,2024-04-22,S2B_37TDK_20240422_0_L2A,0.76
F014,49120,40118,0.817,0.3099,0.2128,0.1439,0.4745,2024-05-04,S2A_37TDK_20240504_0_L2A,15.83
F014,49120,40118,0.817,0.321,0.2331,0.1472,0.488,2024-05-07,S2A_37TDK_20240507_0_L2A,0.05
F014,49120,39865,0.812,0.3966,0.3764,0.1585,0.5819,2024-05-22,S2B_37TDK_20240522_0_L2A,0.0
F014,49120,40118,0.817,0.3946,0.374,0.1687,0.5674,2024-05-22,S2B_37TDK_20240522_1_L2A,0.28
F014,49120,40118,0.817,0.3725,0.3504,0.1459,0.544,2024-05-24,S2A_37TDK_20240524_0_L2A,0.01
F014,49120,40118,0.817,0.4154,0.4369,0.1361,0.6658,2024-06-01,S2B_37TDK_20240601_0_L2A,1.18
F014,49120,40118,0.817,0.4089,0.4566,0.101,0.6794,2024-06-03,S2A_37TDK_20240603_0_L2A,0.09
F014,49120,40118,0.817,0.4147,0.4341,0.0948,0.7064,2024-06-11,S2B_37TDK_20240611_0_L2A,1.67
F014,49120,40118,0.817,0.4008,0.3912,0.0787,0.7045,2024-06-13,S2A_37TDK_20240613_0_L2A,17.3
F014,49120,40118,0.817,0.4467,0.4163,0.125,0.7882,2024-06-18,S2B_37TDK_20240618_0_L2A,4.92
F014,49120,37064,0.755,0.4808,0.4671,0.1706,0.8083,2024-06-21,S2B_37TDK_20240621_0_L2A,0.28
F014,49120,40118,0.817,0.4354,0.3651,0.1508,0.7752,2024-06-23,S2A_37TDK_20240623_0_L2A,3.36
F014,49120,39610,0.806,0.433,0.3697,0.1582,0.76,2024-06-26,S2A_37TDK_20240626_0_L2A,9.1
F014,49120,0,0.0,,,,,2024-06-28,S2B_37TDK_20240628_0_L2A,19.86
F014,49120,40118,0.817,0.4262,0.3514,0.1659,0.7407,2024-07-01,S2B_37TDK_20240701_0_L2A,0.01
F014,49120,40118,0.817,0.4036,0.3333,0.1268,0.7383,2024-07-03,S2A_37TDK_20240703_0_L2A,15.23
F014,49120,40118,0.817,0.3534,0.2683,0.1404,0.5831,2024-07-18,S2B_37TDK_20240718_0_L2A,0.02
F014,49120,40118,0.817,0.358,0.2789,0.1538,0.5738,2024-07-21,S2B_37TDK_20240721_0_L2A,0.22
F014,49120,40118,0.817,0.377,0.3106,0.1732,0.5841,2024-07-28,S2B_37TDK_20240728_0_L2A,0.1
F014,49120,40118,0.817,0.3695,0.3333,0.167,0.5612,2024-08-02,S2A_37TDK_20240802_0_L2A,15.43
F014,49120,40118,0.817,0.3292,0.2722,0.153,0.49,2024-08-10,S2B_37TDK_20240810_0_L2A,0.3
F014,49120,6604,0.134,0.3549,0.3787,0.1169,0.5711,2024-08-12,S2A_37TDK_20240812_0_L2A,11.96
F014,49120,40118,0.817,0.3165,0.3061,0.1514,0.4495,2024-08-15,S2A_37TDK_20240815_0_L2A,1.41
F014,49120,40118,0.817,0.312,0.301,0.1633,0.4303,2024-08-17,S2B_37TDK_20240817_0_L2A,0.23
F014,49120,40118,0.817,0.2736,0.2713,0.1328,0.3849,2024-08-20,S2B_37TDK_20240820_0_L2A,1.16
F014,49120,17179,0.35,0.1786,0.1364,0.0765,0.2441,2024-09-04,S2A_37TDK_20240904_0_L2A,13.54
F014,49120,40118,0.817,0.2664,0.2303,0.1609,0.3279,2024-09-11,S2A_37TDK_20240911_0_L2A,0.0
F014,49120,40118,0.817,0.2003,0.153,0.098,0.2524,2024-09-14,S2A_37TDK_20240914_0_L2A,1.5
F014,49120,40118,0.817,0.2219,0.1731,0.1358,0.2594,2024-09-29,S2B_37TDK_20240929_0_L2A,0.01
F015,50172,38536,0.768,0.2379,0.1797,0.1343,0.3626,2023-10-05,S2B_37TDK_20231005_0_L2A,19.77
F015,50172,38596,0.769,0.2998,0.2498,0.2101,0.3653,2023-10-07,S2A_37TDK_20231007_0_L2A,0.06
F015,50172,38596,0.769,0.2704,0.2269,0.2049,0.2832,2023-10-12,S2B_37TDK_20231012_0_L2A,10.64
F015,50172,38596,0.769,0.2611,0.2178,0.2005,0.2769,2023-10-15,S2B_37TDK_20231015_0_L2A,0.0
F015,50172,38596,0.769,0.2051,0.1721,0.157,0.2114,2023-10-22,S2B_37TDK_20231022_0_L2A,0.01
F015,50172,38596,0.769,0.2436,0.2088,0.1917,0.2526,2023-10-30,S2A_37TDK_20231030_0_L2A,1.56
F015,50172,232,0.005,-0.0493,-0.046,-0.0634,-0.0363,2024-01-10,S2B_37TDK_20240110_0_L2A,12.41
F015,50172,38596,0.769,0.2575,0.2429,0.2158,0.2834,2024-01-30,S2B_37TDK_20240130_0_L2A,5.39
F015,50172,38596,0.769,0.2445,0.2217,0.2014,0.2608,2024-02-24,S2A_37TDK_20240224_0_L2A,10.21
F015,50172,38596,0.769,0.2405,0.2166,0.1985,0.2578,2024-02-27,S2A_37TDK_20240227_0_L2A,4.32
F015,50172,38596,0.769,0.2426,0.2173,0.1991,0.2606,2024-02-29,S2B_37TDK_20240229_0_L2A,6.59
F015,50172,38596,0.769,0.2407,0.2178,0.1925,0.2656,2024-03-10,S2B_37TDK_20240310_0_L2A,7.42
F015,50172,38596,0.769,0.2652,0.2214,0.1939,0.2992,2024-03-25,S2A_37TDK_20240325_0_L2A,2.96
F015,50172,38596,0.769,0.2889,0.2167,0.1949,0.3478,2024-04-07,S2A_37TDK_20240407_0_L2A,0.08
F015,50172,38596,0.769,0.265,0.1929,0.1728,0.3254,2024-04-09,S2B_37TDK_20240409_0_L2A,0.76
F015,50172,38596,0.769,0.2798,0.2053,0.1815,0.3274,2024-04-22,S2B_37TDK_20240422_0_L2A,0.76
F015,50172,38596,0.769,0.2617,0.1846,0.1559,0.2932,2024-05-04,S2A_37TDK_20240504_0_L2A,15.83
F015,50172,38596,0.769,0.2347,0.1711,0.1399,0.2731,2024-05-07,S2A_37TDK_20240507_0_L2A,0.05
F015,50172,38596,0.769,0.2287,0.183,0.1205,0.2893,2024-05-22,S2B_37TDK_20240522_0_L2A,0.0
F015,50172,38596,0.769,0.2313,0.1848,0.1298,0.2844,2024-05-22,S2B_37TDK_20240522_1_L2A,0.28
F015,50172,38596,0.769,0.2667,0.1883,0.1607,0.3009,2024-05-24,S2A_37TDK_20240524_0_L2A,0.01
F015,50172,38596,0.769,0.2158,0.1495,0.0862,0.2761,2024-06-01,S2B_37TDK_20240601_0_L2A,1.18
F015,50172,38596,0.769,0.1863,0.1241,0.0397,0.283,2024-06-03,S2A_37TDK_20240603_0_L2A,0.09
F015,50172,38596,0.769,0.4385,0.4497,0.3205,0.5726,2024-06-11,S2B_37TDK_20240611_0_L2A,1.67
F015,50172,975,0.019,0.2922,0.3318,0.1339,0.4132,2024-06-13,S2A_37TDK_20240613_0_L2A,17.3
F015,50172,38368,0.765,0.5028,0.5437,0.3946,0.6469,2024-06-18,S2B_37TDK_20240618_0_L2A,4.92
F015,50172,38596,0.769,0.5482,0.5928,0.4471,0.7004,2024-06-21,S2B_37TDK_20240621_0_L2A,0.28
F015,50172,38596,0.769,0.5569,0.6166,0.4517,0.7165,2024-06-23,S2A_37TDK_20240623_0_L2A,3.36
F015,50172,25203,0.502,0.5824,0.6776,0.2669,0.8286,2024-06-26,S2A_37TDK_20240626_0_L2A,9.1
F015,50172,28539,0.569,0.5865,0.7119,0.3129,0.8268,2024-06-28,S2B_37TDK_20240628_0_L2A,19.86
F015,50172,38596,0.769,0.6271,0.7129,0.5073,0.8295,2024-07-01,S2B_37TDK_20240701_0_L2A,0.01
F015,50172,38596,0.769,0.6018,0.6839,0.4744,0.8129,2024-07-03,S2A_37TDK_20240703_0_L2A,15.23
F015,50172,38596,0.769,0.6034,0.6992,0.4903,0.7771,2024-07-18,S2B_37TDK_20240718_0_L2A,0.02
F015,50172,38596,0.769,0.6265,0.7301,0.5013,0.8146,2024-07-21,S2B_37TDK_20240721_0_L2A,0.22
F015,50172,38596,0.769,0.6398,0.7581,0.5259,0.8208,2024-07-28,S2B_37TDK_20240728_0_L2A,0.1
F015,50172,25326,0.505,0.6967,0.7679,0.6575,0.8099,2024-08-02,S2A_37TDK_20240802_0_L2A,15.43
F015,50172,38560,0.769,0.6311,0.7527,0.4998,0.8156,2024-08-10,S2B_37TDK_20240810_0_L2A,0.3
F015,50172,11900,0.237,0.4802,0.5595,0.1947,0.7133,2024-08-12,S2A_37TDK_20240812_0_L2A,11.96
F015,50172,34474,0.687,0.6689,0.7571,0.6243,0.8137,2024-08-15,S2A_37TDK_20240815_0_L2A,1.41
F015,50172,38596,0.769,0.6018,0.7089,0.4838,0.7692,2024-08-17,S2B_37TDK_20240817_0_L2A,0.23
F015,50172,38596,0.769,0.5677,0.6621,0.459,0.7324,2024-08-20,S2B_37TDK_20240820_0_L2A,1.16
F015,50172,35598,0.71,0.4552,0.5187,0.4282,0.5624,2024-09-04,S2A_37TDK_20240904_0_L2A,13.54
F015,50172,38596,0.769,0.3863,0.4274,0.2329,0.4965,2024-09-11,S2A_37TDK_20240911_0_L2A,0.0
F015,50172,38596,0.769,0.3525,0.3716,0.2242,0.4585,2024-09-14,S2A_37TDK_20240914_0_L2A,1.5
F015,50172,38596,0.769,0.2641,0.2325,0.172,0.324,2024-09-29,S2B_37TDK_20240929_0_L2A,0.01
F016,62370,37554,0.602,0.2317,0.1998,0.1416,0.3116,2023-10-05,S2B_37TDK_20231005_0_L2A,19.77
F016,62370,38363,0.615,0.2743,0.2243,0.1712,0.3624,2023-10-07,S2A_37TDK_20231007_0_L2A,0.06
F016,62370,38363,0.615,0.2631,0.2151,0.1687,0.3345,2023-10-12,S2B_37TDK_20231012_0_L2A,10.64
F016,62370,38363,0.615,0.2462,0.2074,0.1651,0.2848,2023-10-15,S2B_37TDK_20231015_0_L2A,0.0
F016,62370,38363,0.615,0.1835,0.156,0.1224,0.2018,2023-10-22,S2B_37TDK_20231022_0_L2A,0.01
F016,62370,38363,0.615,0.2109,0.1788,0.1486,0.2317,2023-10-30,S2A_37TDK_20231030_0_L2A,1.56
F016,62370,0,0.0,,,,,2024-01-10,S2B_37TDK_20240110_0_L2A,12.41
F016,62370,38363,0.615,0.3419,0.2839,0.1878,0.4977,2024-01-30,S2B_37TDK_20240130_0_L2A,5.39
F016,62370,38363,0.615,0.3215,0.2498,0.1757,0.4525,2024-02-24,S2A_37TDK_20240224_0_L2A,10.21
F016,62370,38363,0.615,0.3214,0.2516,0.179,0.4506,2024-02-27,S2A_37TDK_20240227_0_L2A,4.32
F016,62370,38363,0.615,0.321,0.2464,0.1725,0.4478,2024-02-29,S2B_37TDK_20240229_0_L2A,6.59
F016,62370,38363,0.615,0.3386,0.2534,0.1714,0.5,2024-03-10,S2B_37TDK_20240310_0_L2A,7.42
F016,62370,38363,0.615,0.3928,0.2573,0.1509,0.6864,2024-03-25,S2A_37TDK_20240325_0_L2A,2.96
F016,62370,38363,0.615,0.4454,0.3024,0.1399,0.829,2024-04-07,S2A_37TDK_20240407_0_L2A,0.08
F016,62370,38363,0.615,0.4244,0.2845,0.1264,0.797,2024-04-09,S2B_37TDK_20240409_0_L2A,0.76
F016,62370,38363,0.615,0.4628,0.3971,0.1401,0.8465,2024-04-22,S2B_37TDK_20240422_0_L2A,0.76
F016,62370,38363,0.615,0.4867,0.4486,0.181,0.8296,2024-05-04,S2A_37TDK_20240504_0_L2A,15.83
F016,62370,38363,0.615,0.4948,0.4462,0.1817,0.846,2024-05-07,S2A_37TDK_20240507_0_L2A,0.05
F016,62370,0,0.0,,,,,2024-05-22,S2B_37TDK_20240522_0_L2A,0.0
F016,62370,38363,0.615,0.5234,0.5143,0.2558,0.8178,2024-05-22,S2B_37TDK_20240522_1_L2A,0.28
F016,62370,38363,0.615,0.49,0.4745,0.2389,0.7799,2024-05-24,S2A_37TDK_20240524_0_L2A,0.01
F016,62370,38363,0.615,0.5233,0.539,0.3255,0.7372,2024-06-01,S2B_37TDK_20240601_0_L2A,1.18
F016,62370,38363,0.615,0.5012,0.5218,0.3176,0.6834,2024-06-03,S2A_37TDK_20240603_0_L2A,0.09
F016,62370,38363,0.615,0.4573,0.4371,0.3451,0.5481,2024-06-11,S2B_37TDK_20240611_0_L2A,1.67
F016,62370,12223,0.196,0.3606,0.3381,0.2652,0.4448,2024-06-13,S2A_37TDK_20240613_0_L2A,17.3
F016,62370,38363,0.615,0.4916,0.5344,0.2639,0.6442,2024-06-18,S2B_37TDK_20240618_0_L2A,4.92
F016,62370,38363,0.615,0.5287,0.5849,0.2731,0.7051,2024-06-21,S2B_37TDK_20240621_0_L2A,0.28
F016,62370,38363,0.615,0.4913,0.5539,0.2313,0.6779,2024-06-23,S2A_37TDK_20240623_0_L2A,3.36
F016,62370,38363,0.615,0.5119,0.5843,0.2432,0.7136,2024-06-26,S2A_37TDK_20240626_0_L2A,9.1
F016,62370,37501,0.601,0.5019,0.5733,0.201,0.7307,2024-06-28,S2B_37TDK_20240628_0_L2A,19.86
F016,62370,38363,0.615,0.5129,0.5749,0.2331,0.7284,2024-07-01,S2B_37TDK_20240701_0_L2A,0.01
F016,62370,38363,0.615,0.4927,0.5637,0.188,0.7275,2024-07-03,S2A_37TDK_20240703_0_L2A,15.23
F016,62370,38363,0.615,0.461,0.4993,0.204,0.7149,2024-07-18,S2B_37TDK_20240718_0_L2A,0.02
F016,62370,38363,0.615,0.482,0.5361,0.2047,0.7744,2024-07-21,S2B_37TDK_20240721_0_L2A,0.22
F016,62370,38363,0.615,0.5031,0.5482,0.2418,0.7914,2024-07-28,S2B_37TDK_20240728_0_L2A,0.1
F016,62370,38363,0.615,0.5145,0.5345,0.2286,0.7928,2024-08-02,S2A_37TDK_20240802_0_L2A,15.43
F016,62370,38363,0.615,0.5252,0.5212,0.2581,0.7972,2024-08-10,S2B_37TDK_20240810_0_L2A,0.3
F016,62370,35014,0.561,0.4932,0.487,0.2228,0.758,2024-08-12,S2A_37TDK_20240812_0_L2A,11.96
F016,62370,38363,0.615,0.5195,0.5125,0.2414,0.7944,2024-08-15,S2A_37TDK_20240815_0_L2A,1.41
F016,62370,38363,0.615,0.4913,0.4867,0.2097,0.7509,2024-08-17,S2B_37TDK_20240817_0_L2A,0.23
F016,62370,38363,0.615,0.4648,0.4474,0.1944,0.7216,2024-08-20,S2B_37TDK_20240820_0_L2A,1.16
F016,62370,38363,0.615,0.3851,0.3351,0.1841,0.5955,2024-09-04,S2A_37TDK_20240904_0_L2A,13.54
F016,62370,38363,0.615,0.3384,0.2647,0.1761,0.4987,2024-09-11,S2A_37TDK_20240911_0_L2A,0.0
F016,62370,38363,0.615,0.3154,0.2476,0.1723,0.4553,2024-09-14,S2A_37TDK_20240914_0_L2A,1.5
F016,62370,38363,0.615,0.2342,0.2122,0.1439,0.2827,2024-09-29,S2B_37TDK_20240929_0_L2A,0.01
F017,44943,38220,0.85,0.2082,0.1677,0.1335,0.2618,2023-10-05,S2B_37TDK_20231005_0_L2A,19.77
F017,44943,38220,0.85,0.2653,0.2205,0.182,0.3271,2023-10-07,S2A_37TDK_20231007_0_L2A,0.06
F017,44943,38220,0.85,0.2554,0.2087,0.178,0.3173,2023-10-12,S2B_37TDK_20231012_0_L2A,10.64
F017,44943,38220,0.85,0.2509,0.2077,0.1814,0.2947,2023-10-15,S2B_37TDK_20231015_0_L2A,0.0
F017,44943,38220,0.85,0.1973,0.1558,0.1371,0.239,2023-10-22,S2B_37TDK_20231022_0_L2A,0.01
F017,44943,38220,0.85,0.2336,0.1913,0.1643,0.2945,2023-10-30,S2A_37TDK_20231030_0_L2A,1.56
F017,44943,914,0.02,-0.22,-0.2323,-0.3952,-0.0491,2024-01-10,S2B_37TDK_20240110_0_L2A,12.41
F017,44943,38220,0.85,0.3304,0.3555,0.2537,0.5178,2024-01-30,S2B_37TDK_20240130_0_L2A,5.39
F017,44943,38220,0.85,0.3208,0.3296,0.2335,0.4877,2024-02-24,S2A_37TDK_20240224_0_L2A,10.21
F017,44943,38110,0.848,0.3221,0.3203,0.2283,0.474,2024-02-27,S2A_37TDK_20240227_0_L2A,4.32
F017,44943,38220,0.85,0.3161,0.3223,0.2248,0.4833,2024-02-29,S2B_37TDK_20240229_0_L2A,6.59
F017,44943,38220,0.85,0.3575,0.38,0.2454,0.5285,2024-03-10,S2B_37TDK_20240310_0_L2A,7.42
F017,44943,38220,0.85,0.4279,0.4965,0.2663,0.6969,2024-03-25,S2A_37TDK_20240325_0_L2A,2.96
F017,44943,38220,0.85,0.5521,0.6735,0.3574,0.8367,2024-04-07,S2A_37TDK_20240407_0_L2A,0.08
F017,44943,38220,0.85,0.5376,0.6535,0.34,0.8027,2024-04-09,S2B_37TDK_20240409_0_L2A,0.76
F017,44943,38220,0.85,0.5779,0.6973,0.3313,0.829,2024-04-22,S2B_37TDK_20240422_0_L2A,0.76
F017,44943,38220,0.85,0.6014,0.7739,0.3548,0.8365,2024-05-04,S2A_37TDK_20240504_0_L2A,15.83
F017,44943,38220,0.85,0.6064,0.7885,0.3655,0.8481,2024-05-07,S2A_37TDK_20240507_0_L2A,0.05
F017,44943,38220,0.85,0.6118,0.7827,0.4071,0.8428,2024-05-22,S2B_37TDK_20240522_0_L2A,0.0
F017,44943,38220,0.85,0.6118,0.7737,0.4078,0.8338,2024-05-22,S2B_37TDK_20240522_1_L2A,0.28
F017,44943,38220,0.85,0.5983,0.7398,0.3949,0.8032,2024-05-24,S2A_37TDK_20240524_0_L2A,0.01
F017,44943,38220,0.85,0.5676,0.6676,0.4594,0.7602,2024-06-01,S2B_37TDK_20240601_0_L2A,1.18
F017,44943,38220,0.85,0.5185,0.6318,0.4188,0.7209,2024-06-03,S2A_37TDK_20240603_0_L2A,0.09
F017,44943,38220,0.85,0.4107,0.4154,0.3078,0.5414,2024-06-11,S2B_37TDK_20240611_0_L2A,1.67
F017,44943,38220,0.85,0.3783,0.3666,0.2692,0.5162,2024-06-13,S2A_37TDK_20240613_0_L2A,17.3
F017,44943,38204,0.85,0.3919,0.3621,0.249,0.5915,2024-06-18,S2B_37TDK_20240618_0_L2A,4.92
F017,44943,38168,0.849,0.4151,0.3639,0.2513,0.6024,2024-06-21,S2B_37TDK_20240621_0_L2A,0.28
F017,44943,38220,0.85,0.3897,0.3406,0.2301,0.5798,2024-06-23,S2A_37TDK_20240623_0_L2A,3.36
F017,44943,27037,0.602,0.4246,0.3863,0.2557,0.6114,2024-06-26,S2A_37TDK_20240626_0_L2A,9.1
F017,44943,113,0.003,0.2584,0.2136,0.1687,0.2742,2024-06-28,S2B_37TDK_20240628_0_L2A,19.86
F017,44943,38220,0.85,0.3674,0.2841,0.1833,0.5691,2024-07-01,S2B_37TDK_20240701_0_L2A,0.01
F017,44943,38220,0.85,0.3452,0.2632,0.158,0.5612,2024-07-03,S2A_37TDK_20240703_0_L2A,15.23
F017,44943,38220,0.85,0.3247,0.2508,0.1447,0.4977,2024-07-18,S2B_37TDK_20240718_0_L2A,0.02
F017,44943,38220,0.85,0.3281,0.2551,0.1471,0.5026,2024-07-21,S2B_37TDK_20240721_0_L2A,0.22
F017,44943,38220,0.85,0.3365,0.2585,0.1566,0.5104,2024-07-28,S2B_37TDK_20240728_0_L2A,0.1
F017,44943,38220,0.85,0.3157,0.2378,0.1367,0.4923,2024-08-02,S2A_37TDK_20240802_0_L2A,15.43
F017,44943,38220,0.85,0.3159,0.2454,0.1424,0.4719,2024-08-10,S2B_37TDK_20240810_0_L2A,0.3
F017,44943,10177,0.226,0.3675,0.3183,0.161,0.5201,2024-08-12,S2A_37TDK_20240812_0_L2A,11.96
F017,44943,38220,0.85,0.3114,0.2475,0.1446,0.4651,2024-08-15,S2A_37TDK_20240815_0_L2A,1.41
F017,44943,38220,0.85,0.3019,0.2385,0.1493,0.4467,2024-08-17,S2B_37TDK_20240817_0_L2A,0.23
F017,44943,38220,0.85,0.2822,0.2197,0.1312,0.415,2024-08-20,S2B_37TDK_20240820_0_L2A,1.16
F017,44943,37244,0.829,0.2625,0.2048,0.1359,0.3988,2024-09-04,S2A_37TDK_20240904_0_L2A,13.54
F017,44943,38220,0.85,0.2772,0.2028,0.1585,0.4211,2024-09-11,S2A_37TDK_20240911_0_L2A,0.0
F017,44943,38220,0.85,0.2781,0.1965,0.1492,0.4114,2024-09-14,S2A_37TDK_20240914_0_L2A,1.5
F017,44943,38220,0.85,0.1963,0.1311,0.0882,0.3063,2024-09-29,S2B_37TDK_20240929_0_L2A,0.01
F018,38940,34275,0.88,0.2568,0.255,0.1612,0.3196,2023-10-05,S2B_37TDK_20231005_0_L2A,19.77
F018,38940,37852,0.972,0.3226,0.3002,0.2292,0.3815,2023-10-07,S2A_37TDK_20231007_0_L2A,0.06
F018,38940,37852,0.972,0.2944,0.2692,0.2125,0.3406,2023-10-12,S2B_37TDK_20231012_0_L2A,10.64
F018,38940,37852,0.972,0.2857,0.2494,0.2076,0.3333,2023-10-15,S2B_37TDK_20231015_0_L2A,0.0
F018,38940,37852,0.972,0.1256,0.1082,0.0754,0.1575,2023-10-22,S2B_37TDK_20231022_0_L2A,0.01
F018,38940,37852,0.972,0.2418,0.2151,0.1879,0.2643,2023-10-30,S2A_37TDK_20231030_0_L2A,1.56
F018,38940,612,0.016,0.0835,0.0811,0.0624,0.1038,2024-01-10,S2B_37TDK_20240110_0_L2A,12.41
F018,38940,37852,0.972,0.3125,0.2302,0.1692,0.4288,2024-01-30,S2B_37TDK_20240130_0_L2A,5.39
F018,38940,37852,0.972,0.3118,0.2154,0.1899,0.4013,2024-02-24,S2A_37TDK_20240224_0_L2A,10.21
F018,38940,37852,0.972,0.3047,0.211,0.1879,0.3878,2024-02-27,S2A_37TDK_20240227_0_L2A,4.32
F018,38940,37852,0.972,0.3023,0.2075,0.1843,0.3827,2024-02-29,S2B_37TDK_20240229_0_L2A,6.59
F018,38940,37852,0.972,0.3152,0.2117,0.1846,0.4188,2024-03-10,S2B_37TDK_20240310_0_L2A,7.42
F018,38940,37852,0.972,0.3537,0.2083,0.178,0.5104,2024-03-25,S2A_37TDK_20240325_0_L2A,2.96
F018,38940,37852,0.972,0.3869,0.1994,0.1689,0.5708,2024-04-07,S2A_37TDK_20240407_0_L2A,0.08
F018,38940,37852,0.972,0.3643,0.1805,0.1531,0.5403,2024-04-09,S2B_37TDK_20240409_0_L2A,0.76
F018,38940,37852,0.972,0.3904,0.1952,0.1652,0.6221,2024-04-22,S2B_37TDK_20240422_0_L2A,0.76
F018,38940,37852,0.972,0.394,0.1976,0.1643,0.681,2024-05-04,S2A_37TDK_20240504_0_L2A,15.83
F018,38940,37852,0.972,0.3855,0.1896,0.1604,0.6689,2024-05-07,S2A_37TDK_20240507_0_L2A,0.05
F018,38940,37852,0.972,0.3437,0.2002,0.1484,0.6774,2024-05-22,S2B_37TDK_20240522_0_L2A,0.0
F018,38940,37852,0.972,0.3457,0.2038,0.153,0.6702,2024-05-22,S2B_37TDK_20240522_1_L2A,0.28
F018,38940,37852,0.972,0.3539,0.1991,0.1474,0.6494,2024-05-24,S2A_37TDK_20240524_0_L2A,0.01
F018,38940,37852,0.972,0.3681,0.2424,0.1807,0.5908,2024-06-01,S2B_37TDK_20240601_0_L2A,1.18
F018,38940,37852,0.972,0.3288,0.2169,0.1445,0.5351,2024-06-03,S2A_37TDK_20240603_0_L2A,0.09
F018,38940,37852,0.972,0.3553,0.3588,0.2174,0.4692,2024-06-11,S2B_37TDK_20240611_0_L2A,1.67
F018,38940,31207,0.801,0.3208,0.2957,0.2003,0.4352,2024-06-13,S2A_37TDK_20240613_0_L2A,17.3
F018,38940,37852,0.972,0.3756,0.3423,0.2253,0.517,2024-06-18,S2B_37TDK_20240618_0_L2A,4.92
F018,38940,37852,0.972,0.4289,0.4111,0.26,0.5774,2024-06-21,S2B_37TDK_20240621_0_L2A,0.28
F018,38940,37852,0.972,0.412,0.3787,0.2332,0.5773,2024-06-23,S2A_37TDK_20240623_0_L2A,3.36
F018,38940,25649,0.659,0.3584,0.3222,0.2104,0.4914,2024-06-26,S2A_37TDK_20240626_0_L2A,9.1
F018,38940,24361,0.626,0.4299,0.4236,0.1647,0.6639,2024-06-28,S2B_37TDK_20240628_0_L2A,19.86
F018,38940,37852,0.972,0.4462,0.4429,0.2196,0.6443,2024-07-01,S2B_37TDK_20240701_0_L2A,0.01
F018,38940,37852,0.972,0.4546,0.4511,0.2092,0.6858,2024-07-03,S2A_37TDK_20240703_0_L2A,15.23
F018,38940,37852,0.972,0.4868,0.496,0.2247,0.7308,2024-07-18,S2B_37TDK_20240718_0_L2A,0.02
F018,38940,37852,0.972,0.5159,0.5359,0.2236,0.787,2024-07-21,S2B_37TDK_20240721_0_L2A,0.22
F018,38940,37852,0.972,0.538,0.5644,0.2368,0.8214,2024-07-28,S2B_37TDK_20240728_0_L2A,0.1
F018,38940,0,0.0,,,,,2024-08-02,S2A_37TDK_20240802_0_L2A,15.43
F018,38940,37852,0.972,0.5509,0.5944,0.2405,0.8382,2024-08-10,S2B_37TDK_20240810_0_L2A,0.3
F018,38940,31258,0.803,0.4731,0.4965,0.1578,0.7267,2024-08-12,S2A_37TDK_20240812_0_L2A,11.96
F018,38940,24744,0.635,0.4897,0.526,0.1509,0.7756,2024-08-15,S2A_37TDK_20240815_0_L2A,1.41
F018,38940,37852,0.972,0.5141,0.5556,0.2306,0.7592,2024-08-17,S2B_37TDK_20240817_0_L2A,0.23
F018,38940,37852,0.972,0.4973,0.5462,0.2247,0.7305,2024-08-20,S2B_37TDK_20240820_0_L2A,1.16
F018,38940,34888,0.896,0.4301,0.4473,0.2628,0.5706,2024-09-04,S2A_37TDK_20240904_0_L2A,13.54
F018,38940,37852,0.972,0.4063,0.4178,0.2132,0.544,2024-09-11,S2A_37TDK_20240911_0_L2A,0.0
F018,38940,37852,0.972,0.3819,0.3919,0.2057,0.5134,2024-09-14,S2A_37TDK_20240914_0_L2A,1.5
F018,38940,37852,0.972,0.2445,0.209,0.1715,0.284,2024-09-29,S2B_37TDK_20240929_0_L2A,0.01
F019,39780,15708,0.395,0.25,0.2146,0.1618,0.2963,2023-10-05,S2B_37TDK_20231005_0_L2A,19.77
F019,39780,37820,0.951,0.3089,0.2613,0.2234,0.3414,2023-10-07,S2A_37TDK_20231007_0_L2A,0.06
F019,39780,37820,0.951,0.2938,0.2448,0.2126,0.3191,2023-10-12,S2B_37TDK_20231012_0_L2A,10.64
F019,39780,37820,0.951,0.2927,0.238,0.211,0.3216,2023-10-15,S2B_37TDK_20231015_0_L2A,0.0
F019,39780,37820,0.951,0.1842,0.1484,0.1147,0.2029,2023-10-22,S2B_37TDK_20231022_0_L2A,0.01
F019,39780,37820,0.951,0.2659,0.2009,0.1726,0.3266,2023-10-30,S2A_37TDK_20231030_0_L2A,1.56
F019,39780,24,0.001,0.0287,0.0292,0.0258,0.0312,2024-01-10,S2B_37TDK_20240110_0_L2A,12.41
F019,39780,37820,0.951,0.2584,0.206,0.1604,0.3423,2024-01-30,S2B_37TDK_20240130_0_L2A,5.39
F019,39780,37820,0.951,0.2597,0.2,0.1811,0.3169,2024-02-24,S2A_37TDK_20240224_0_L2A,10.21
F019,39780,37820,0.951,0.2587,0.1977,0.1808,0.3216,2024-02-27,S2A_37TDK_20240227_0_L2A,4.32
F019,39780,37820,0.951,0.2561,0.194,0.1766,0.3152,2024-02-29,S2B_37TDK_20240229_0_L2A,6.59
F019,39780,37820,0.951,0.2621,0.1938,0.1729,0.3334,2024-03-10,S2B_37TDK_20240310_0_L2A,7.42
F019,39780,37820,0.951,0.2822,0.1908,0.1698,0.3325,2024-03-25,S2A_37TDK_20240325_0_L2A,2.96
F019,39780,37820,0.951,0.3174,0.1964,0.1633,0.4061,2024-04-07,S2A_37TDK_20240407_0_L2A,0.08
F019,39780,37820,0.951,0.3005,0.1854,0.1488,0.3883,2024-04-09,S2B_37TDK_20240409_0_L2A,0.76
F019,39780,37820,0.951,0.3455,0.2037,0.166,0.4778,2024-04-22,S2B_37TDK_20240422_0_L2A,0.76
F019,39780,37820,0.951,0.3715,0.2141,0.168,0.5682,2024-05-04,S2A_37TDK_20240504_0_L2A,15.83
F019,39780,37820,0.951,0.3734,0.2127,0.1663,0.58,2024-05-07,S2A_37TDK_20240507_0_L2A,0.05
F019,39780,37820,0.951,0.3818,0.2457,0.173,0.6046,2024-05-22,S2B_37TDK_20240522_0_L2A,0.0
F019,39780,37820,0.951,0.3806,0.2453,0.1776,0.598,2024-05-22,S2B_37TDK_20240522_1_L2A,0.28
F019,39780,37820,0.951,0.362,0.2377,0.1647,0.5585,2024-05-24,S2A_37TDK_20240524_0_L2A,0.01
F019,39780,37820,0.951,0.362,0.2578,0.1818,0.5522,2024-06-01,S2B_37TDK_20240601_0_L2A,1.18
F019,39780,37820,0.951,0.3461,0.248,0.1655,0.5244,2024-06-03,S2A_37TDK_20240603_0_L2A,0.09
F019,39780,37820,0.951,0.3542,0.2969,0.2033,0.4607,2024-06-11,S2B_37TDK_20240611_0_L2A,1.67
F019,39780,21799,0.548,0.3015,0.2311,0.1609,0.3885,2024-06-13,S2A_37TDK_20240613_0_L2A,17.3
F019,39780,36958,0.929,0.3714,0.3313,0.22,0.4805,2024-06-18,S2B_37TDK_20240618_0_L2A,4.92
F019,39780,37820,0.951,0.4092,0.3817,0.2489,0.5331,2024-06-21,S2B_37TDK_20240621_0_L2A,0.28
F019,39780,37820,0.951,0.388,0.3647,0.2293,0.5141,2024-06-23,S2A_37TDK_20240623_0_L2A,3.36
F019,39780,37808,0.95,0.4205,0.4144,0.2576,0.5565,2024-06-26,S2A_37TDK_20240626_0_L2A,9.1
F019,39780,7571,0.19,0.3328,0.3097,0.1948,0.4533,2024-06-28,S2B_37TDK_20240628_0_L2A,19.86
F019,39780,37820,0.951,0.4282,0.4321,0.2655,0.5747,2024-07-01,S2B_37TDK_20240701_0_L2A,0.01
F019,39780,37820,0.951,0.4289,0.4397,0.2635,0.5877,2024-07-03,S2A_37TDK_20240703_0_L2A,15.23
F019,39780,37820,0.951,0.4185,0.438,0.2793,0.5437,2024-07-18,S2B_37TDK_20240718_0_L2A,0.02
F019,39780,37820,0.951,0.4464,0.4738,0.3013,0.5792,2024-07-21,S2B_37TDK_20240721_0_L2A,0.22
F019,39780,37820,0.951,0.4748,0.5083,0.3309,0.6107,2024-07-28,S2B_37TDK_20240728_0_L2A,0.1
F019,39780,0,0.0,,,,,2024-08-02,S2A_37TDK_20240802_0_L2A,15.43
F019,39780,37820,0.951,0.4679,0.5133,0.3422,0.5992,2024-08-10,S2B_37TDK_20240810_0_L2A,0.3
F019,39780,36096,0.907,0.4444,0.4887,0.3207,0.5747,2024-08-12,S2A_37TDK_20240812_0_L2A,11.96
F019,39780,28415,0.714,0.4427,0.4984,0.3626,0.6007,2024-08-15,S2A_37TDK_20240815_0_L2A,1.41
F019,39780,37820,0.951,0.4161,0.4555,0.3263,0.5406,2024-08-17,S2B_37TDK_20240817_0_L2A,0.23
F019,39780,37820,0.951,0.3956,0.4055,0.3079,0.5184,2024-08-20,S2B_37TDK_20240820_0_L2A,1.16
F019,39780,36232,0.911,0.3818,0.3401,0.266,0.5104,2024-09-04,S2A_37TDK_20240904_0_L2A,13.54
F019,39780,37820,0.951,0.39,0.3553,0.2791,0.5139,2024-09-11,S2A_37TDK_20240911_0_L2A,0.0
F019,39780,37820,0.951,0.3563,0.3291,0.2303,0.485,2024-09-14,S2A_37TDK_20240914_0_L2A,1.5
F019,39780,37820,0.951,0.2712,0.2388,0.1545,0.3668,2024-09-29,S2B_37TDK_20240929_0_L2A,0.01
F020,37674,30152,0.8,0.1963,0.2005,0.1366,0.2192,2023-10-05,S2B_37TDK_20231005_0_L2A,19.77
F020,37674,35968,0.955,0.2519,0.2424,0.2177,0.2639,2023-10-07,S2A_37TDK_20231007_0_L2A,0.06
F020,37674,35968,0.955,0.233,0.2112,0.194,0.2391,2023-10-12,S2B_37TDK_20231012_0_L2A,10.64
F020,37674,35968,0.955,0.226,0.2008,0.1857,0.2318,2023-10-15,S2B_37TDK_20231015_0_L2A,0.0
F020,37674,35968,0.955,0.1796,0.1626,0.1478,0.1876,2023-10-22,S2B_37TDK_20231022_0_L2A,0.01
F020,37674,35968,0.955,0.2037,0.1811,0.1658,0.2163,2023-10-30,S2A_37TDK_20231030_0_L2A,1.56
F020,37674,2876,0.076,-0.0638,-0.0676,-0.088,-0.0432,2024-01-10,S2B_37TDK_20240110_0_L2A,12.41
F020,37674,35968,0.955,0.2502,0.2419,0.2032,0.287,2024-01-30,S2B_37TDK_20240130_0_L2A,5.39
F020,37674,35968,0.955,0.2556,0.2442,0.2086,0.2882,2024-02-24,S2A_37TDK_20240224_0_L2A,10.21
F020,37674,35968,0.955,0.2534,0.242,0.2081,0.2837,2024-02-27,S2A_37TDK_20240227_0_L2A,4.32
F020,37674,35968,0.955,0.248,0.2359,0.2007,0.2808,2024-02-29,S2B_37TDK_20240229_0_L2A,6.59
F020,37674,35968,0.955,0.2498,0.2367,0.1947,0.2886,2024-03-10,S2B_37TDK_20240310_0_L2A,7.42
F020,37674,35968,0.955,0.2232,0.1934,0.1781,0.2224,2024-03-25,S2A_37TDK_20240325_0_L2A,2.96
F020,37674,35968,0.955,0.2497,0.1985,0.171,0.2735,2024-04-07,S2A_37TDK_20240407_0_L2A,0.08
F020,37674,35968,0.955,0.2287,0.1769,0.1508,0.2496,2024-04-09,S2B_37TDK_20240409_0_L2A,0.76
F020,37674,35968,0.955,0.2463,0.1728,0.1599,0.2572,2024-04-22,S2B_37TDK_20240422_0_L2A,0.76
F020,37674,35968,0.955,0.2069,0.1615,0.148,0.2208,2024-05-04,S2A_37TDK_20240504_0_L2A,15.83
F020,37674,35968,0.955,0.2023,0.1575,0.1429,0.2158,2024-05-07,S2A_37TDK_20240507_0_L2A,0.05
F020,37674,35968,0.955,0.1872,0.1494,0.1234,0.2043,2024-05-22,S2B_37TDK_20240522_0_L2A,0.0
F020,37674,35968,0.955,0.1939,0.1564,0.1333,0.2076,2024-05-22,S2B_37TDK_20240522_1_L2A,0.28
F020,37674,35968,0.955,0.1917,0.1543,0.1298,0.2217,2024-05-24,S2A_37TDK_20240524_0_L2A,0.01
F020,37674,35968,0.955,0.225,0.1804,0.1502,0.2751,2024-06-01,S2B_37TDK_20240601_0_L2A,1.18
F020,37674,35968,0.955,0.2162,0.1752,0.1359,0.2646,2024-06-03,S2A_37TDK_20240603_0_L2A,0.09
F020,37674,35968,0.955,0.3228,0.2798,0.2058,0.4067,2024-06-11,S2B_37TDK_20240611_0_L2A,1.67
F020,37674,14225,0.378,0.2661,0.2353,0.1947,0.3163,2024-06-13,S2A_37TDK_20240613_0_L2A,17.3
F020,37674,35968,0.955,0.4777,0.4325,0.3221,0.593,2024-06-18,S2B_37TDK_20240618_0_L2A,4.92
F020,37674,35968,0.955,0.5822,0.5632,0.4243,0.7256,2024-06-21,S2B_37TDK_20240621_0_L2A,0.28
F020,37674,35968,0.955,0.5824,0.5788,0.4274,0.7457,2024-06-23,S2A_37TDK_20240623_0_L2A,3.36
F020,37674,32664,0.867,0.6494,0.6725,0.5022,0.8156,2024-06-26,S2A_37TDK_20240626_0_L2A,9.1
F020,37674,34375,0.912,0.6631,0.6967,0.5138,0.8388,2024-06-28,S2B_37TDK_20240628_0_L2A,19.86
F020,37674,35968,0.955,0.6864,0.7149,0.5429,0.8635,2024-07-01,S2B_37TDK_20240701_0_L2A,0.01
F020,37674,35968,0.955,0.7004,0.7412,0.563,0.8782,2024-07-03,S2A_37TDK_20240703_0_L2A,15.23
F020,37674,35968,0.955,0.7065,0.7409,0.6029,0.8569,2024-07-18,S2B_37TDK_20240718_0_L2A,0.02
F020,37674,35968,0.955,0.7429,0.7789,0.6389,0.8986,2024-07-21,S2B_37TDK_20240721_0_L2A,0.22
F020,37674,35968,0.955,0.7595,0.7996,0.6677,0.8993,2024-07-28,S2B_37TDK_20240728_0_L2A,0.1
F020,37674,24926,0.662,0.7757,0.858,0.7014,0.8883,2024-08-02,S2A_37TDK_20240802_0_L2A,15.43
F020,37674,35968,0.955,0.7598,0.7957,0.6484,0.911,2024-08-10,S2B_37TDK_20240810_0_L2A,0.3
F020,37674,35968,0.955,0.7311,0.7679,0.6146,0.8843,2024-08-12,S2A_37TDK_20240812_0_L2A,11.96
F020,37674,35908,0.953,0.7438,0.773,0.6248,0.8972,2024-08-15,S2A_37TDK_20240815_0_L2A,1.41
F020,37674,35709,0.948,0.7027,0.7251,0.5803,0.8577,2024-08-17,S2B_37TDK_20240817_0_L2A,0.23
F020,37674,35968,0.955,0.6761,0.7009,0.5456,0.8377,2024-08-20,S2B_37TDK_20240820_0_L2A,1.16
F020,37674,35968,0.955,0.5979,0.6033,0.4359,0.7916,2024-09-04,S2A_37TDK_20240904_0_L2A,13.54
F020,37674,35968,0.955,0.5476,0.5422,0.3855,0.7228,2024-09-11,S2A_37TDK_20240911_0_L2A,0.0
F020,37674,35968,0.955,0.5211,0.5028,0.3647,0.6917,2024-09-14,S2A_37TDK_20240914_0_L2A,1.5
F020,37674,35968,0.955,0.3955,0.3311,0.2402,0.5745,2024-09-29,S2B_37TDK_20240929_0_L2A,0.01
