date,temperature_2m_max,temperature_2m_min,temperature_2m_mean,precipitation_sum,rain_sum,snowfall_sum,relative_humidity_2m_mean,wind_speed_10m_max,et0_fao_evapotranspiration,soil_moisture_0_to_7cm_mean,soil_temperature_0_to_7cm_mean,ALLSKY_SFC_SW_DWN,T2M_MAX,T2M_MIN,T2M,PRECTOTCORR,RH2M
2023-10-01,28.0,16.6,21.6,0.0,0.0,0.0,48,11.9,3.61,0.126,23.9,15.17,29.84,15.29,22.06,0.08,44.71
2023-10-02,26.8,15.7,20.5,0.0,0.0,0.0,50,20.3,4.15,0.125,22.8,13.22,27.66,13.83,20.04,0.08,53.28
2023-10-03,23.1,15.4,18.4,0.2,0.2,0.0,63,19.4,3.24,0.127,21.2,13.31,22.03,14.09,17.88,0.27,65.96
2023-10-04,22.5,12.3,17.3,0.0,0.0,0.0,51,12.6,3.24,0.131,20.5,13.91,24.18,11.47,17.16,0.01,58.18
2023-10-05,24.2,9.2,16.7,0.0,0.0,0.0,62,17.3,3.25,0.13,18.7,13.63,23.61,11.17,16.82,0.34,61.61
2023-10-06,21.1,13.1,16.1,12.6,12.6,0.0,80,20.8,1.82,0.195,17.5,10.72,21.95,12.88,16.61,3.46,74.03
2023-10-07,21.5,10.8,15.7,0.0,0.0,0.0,62,21.0,3.2,0.232,17.1,15.49,22.57,8.55,15.36,0.77,59.61
2023-10-08,22.3,12.9,18.7,6.8,6.8,0.0,64,38.1,4.06,0.213,19.0,11.49,22.8,9.4,18.07,7.46,70.28
2023-10-09,14.0,8.2,11.1,6.7,6.7,0.0,65,25.2,2.46,0.32,14.1,11.6,14.37,6.44,9.66,5.11,62.95
2023-10-10,15.6,7.8,11.5,1.1,1.1,0.0,55,14.5,2.16,0.276,13.7,9.9,16.08,7.02,10.79,1.35,58.31
2023-10-11,12.8,5.3,9.3,0.0,0.0,0.0,62,15.3,2.39,0.262,12.3,14.67,13.99,2.47,7.83,0.27,59.46
2023-10-12,16.5,2.9,8.8,0.0,0.0,0.0,62,10.5,2.3,0.247,11.3,15.56,19.93,0.97,9.03,0.0,58.35
2023-10-13,19.5,3.8,11.4,0.0,0.0,0.0,75,9.0,2.15,0.234,12.3,14.18,20.53,5.42,11.93,0.0,69.1
2023-10-14,20.8,7.5,13.5,0.0,0.0,0.0,64,10.1,2.5,0.219,13.9,14.19,23.5,7.35,14.29,0.0,53.66
2023-10-15,23.1,6.6,14.0,0.0,0.0,0.0,66,8.6,2.29,0.207,14.5,14.41,26.01,8.79,15.79,0.0,55.47
2023-10-16,21.6,8.6,14.1,5.9,5.9,0.0,80,30.1,2.42,0.216,14.5,11.61,22.22,9.16,14.66,4.56,72.68
2023-10-17,15.2,7.1,10.8,0.0,0.0,0.0,66,16.6,2.17,0.265,12.8,10.92,14.96,6.54,9.86,0.29,68.84
2023-10-18,13.4,5.2,9.2,0.0,0.0,0.0,66,15.1,1.97,0.254,11.1,11.03,12.77,5.77,8.88,0.01,69.29
2023-10-19,14.7,2.8,8.5,0.0,0.0,0.0,66,10.4,1.83,0.243,10.4,13.39,16.78,2.29,9.27,0.01,60.65
2023-10-20,19.8,4.3,12.4,0.0,0.0,0.0,78,23.5,2.26,0.234,11.3,13.12,20.15,5.48,12.8,0.0,82.19
2023-10-21,23.2,15.3,18.6,0.0,0.0,0.0,65,26.6,2.84,0.227,15.9,9.2,25.51,12.81,17.96,0.01,78.27
2023-10-22,25.5,13.1,18.8,0.0,0.0,0.0,62,18.4,2.91,0.218,17.8,11.67,26.39,13.06,18.26,0.02,74.1
2023-10-23,24.4,14.6,18.8,0.0,0.0,0.0,53,18.3,2.96,0.208,17.5,10.89,24.49,14.74,18.04,0.01,70.15
2023-10-24,20.9,11.0,15.7,0.0,0.0,0.0,75,15.5,1.99,0.202,16.7,8.87,20.33,9.88,14.83,0.01,79.71
2023-10-25,18.5,9.8,13.7,0.6,0.6,0.0,76,18.0,1.62,0.197,14.3,7.41,18.29,8.85,13.2,0.07,79.85
2023-10-26,21.2,15.2,18.0,11.0,11.0,0.0,80,28.5,1.57,0.226,16.4,4.32,20.62,14.14,17.45,2.42,92.06
2023-10-27,20.5,16.6,18.1,7.8,7.8,0.0,80,33.1,1.93,0.311,17.4,7.63,23.12,16.48,18.31,11.36,83.92
2023-10-28,23.0,15.4,19.5,0.0,0.0,0.0,71,33.6,2.83,0.295,18.8,6.8,24.1,14.66,18.61,0.17,81.66
2023-10-29,21.4,11.1,15.8,0.0,0.0,0.0,81,10.4,1.71,0.274,16.9,10.21,23.71,12.43,16.68,0.4,70.44
2023-10-30,21.0,10.1,13.8,0.0,0.0,0.0,85,10.6,1.66,0.258,15.2,11.21,23.36,8.38,14.43,0.0,60.05
2023-10-31,22.8,7.8,14.3,0.0,0.0,0.0,75,10.7,1.92,0.243,14.5,11.39,25.21,10.05,15.62,0.0,55.55
2023-11-01,24.6,10.6,17.0,0.0,0.0,0.0,64,11.3,2.13,0.229,16.1,8.76,25.41,11.08,17.23,0.25,67.52
2023-11-02,20.5,14.0,16.6,4.5,4.5,0.0,81,16.3,1.62,0.323,16.8,8.44,20.61,11.89,15.5,1.26,81.07
2023-11-03,19.1,13.3,15.6,12.5,12.5,0.0,89,17.3,0.98,0.396,15.6,3.09,19.72,12.68,15.23,5.55,90.85
2023-11-04,22.5,14.1,17.2,0.0,0.0,0.0,77,16.3,1.95,0.376,16.6,9.1,24.8,13.21,17.56,0.15,75.46
2023-11-05,22.3,14.1,17.8,0.4,0.4,0.0,63,35.1,2.79,0.357,16.6,7.41,21.65,12.02,16.65,0.04,71.74
2023-11-06,19.5,13.9,16.4,12.5,12.5,0.0,80,29.3,1.37,0.386,16.1,3.65,21.87,12.31,16.46,4.02,84.11
2023-11-07,19.3,9.8,13.8,0.2,0.2,0.0,84,18.3,1.58,0.376,14.9,8.37,20.19,9.44,13.41,0.05,80.09
2023-11-08,19.6,7.1,13.2,0.0,0.0,0.0,84,15.3,1.52,0.36,13.5,9.42,20.62,6.22,13.23,0.01,81.43
2023-11-09,17.0,8.6,13.8,8.5,8.5,0.0,80,30.7,1.28,0.378,13.8,1.69,15.74,7.12,12.3,10.37,86.67
2023-11-10,13.5,5.8,9.3,0.0,0.0,0.0,80,10.7,1.22,0.37,11.3,8.94,14.35,4.67,8.94,0.3,76.14
2023-11-11,18.0,4.6,10.8,0.0,0.0,0.0,73,27.4,1.66,0.356,10.7,6.31,20.9,2.33,10.9,0.1,76.98
2023-11-12,19.8,12.3,15.9,13.6,13.6,0.0,75,30.5,1.47,0.382,14.0,3.36,16.52,10.23,14.74,7.36,83.04
2023-11-13,17.0,11.2,13.3,3.0,3.0,0.0,69,19.4,1.59,0.367,13.0,6.61,16.51,9.1,12.3,10.36,72.71
2023-11-14,11.3,6.6,9.1,31.1,31.1,0.0,79,26.2,0.97,0.415,10.6,4.93,12.58,6.23,9.32,16.89,82.15
2023-11-15,14.1,12.1,13.5,29.9,29.9,0.0,83,31.2,1.04,0.414,12.0,1.88,14.36,10.26,12.93,28.8,87.07
2023-11-16,13.9,6.1,9.7,14.5,14.5,0.0,89,17.1,0.63,0.413,11.1,3.68,12.18,5.88,9.21,15.7,93.82
2023-11-17,10.9,4.6,7.6,1.3,1.3,0.0,75,24.2,1.27,0.39,9.0,5.27,11.12,5.26,7.6,2.27,74.83
2023-11-18,11.1,5.3,8.0,3.1,3.1,0.0,79,26.8,1.16,0.388,8.9,5.16,12.64,4.51,7.74,6.2,80.02
2023-11-19,10.2,8.4,9.2,10.4,10.4,0.0,85,30.3,0.78,0.395,9.5,1.73,13.78,7.17,8.81,6.72,86.78
2023-11-20,9.8,4.5,6.6,1.0,1.0,0.0,83,23.1,0.61,0.393,7.9,2.87,9.38,3.31,6.26,5.31,87.91
2023-11-21,6.2,2.7,4.3,1.6,1.6,0.0,79,21.3,0.72,0.387,6.2,2.11,6.25,1.18,3.31,2.04,83.3
2023-11-22,5.0,3.2,4.1,26.7,26.7,0.0,95,23.1,0.18,0.41,5.8,1.41,9.64,2.23,6.1,26.27,94.38
2023-11-23,3.9,0.2,1.9,16.8,16.8,0.0,86,18.6,0.41,0.414,4.2,3.53,3.59,-2.1,0.89,14.79,88.23
2023-11-24,13.1,5.4,10.8,4.7,4.7,0.0,82,32.9,0.91,0.406,8.2,2.18,12.65,5.0,10.01,3.53,89.85
2023-11-25,16.9,10.2,13.9,10.2,10.2,0.0,79,34.5,1.6,0.412,11.6,2.93,17.1,10.23,13.69,5.86,89.21
2023-11-26,19.7,8.9,15.3,15.4,15.4,0.0,64,38.5,3.03,0.402,13.5,3.6,17.97,5.98,13.34,6.94,75.67
2023-11-27,8.8,2.1,5.8,0.9,0.9,0.0,66,37.5,1.63,0.407,8.5,5.74,7.48,2.55,5.22,6.35,70.02
2023-11-28,8.4,0.9,4.8,0.5,0.5,0.0,81,17.3,0.83,0.393,6.2,5.73,8.41,2.46,4.86,3.42,85.64
2023-11-29,14.1,6.4,10.6,9.2,9.2,0.0,66,38.4,1.88,0.402,8.4,2.43,12.17,4.03,9.65,4.68,85.06
2023-11-30,11.6,2.8,8.3,10.8,10.8,0.0,92,20.3,0.39,0.419,9.0,2.71,10.83,4.23,7.9,8.21,91.92
2023-12-01,14.9,3.3,10.4,0.1,0.1,0.0,84,36.4,1.15,0.401,9.0,4.62,15.44,4.81,11.21,0.27,89.19
2023-12-02,17.9,14.3,15.5,0.0,0.0,0.0,66,30.0,2.46,0.387,13.3,6.18,18.65,11.88,14.41,0.01,81.85
2023-12-03,17.1,11.5,14.8,0.0,0.0,0.0,65,24.4,2.02,0.375,13.3,3.05,16.86,11.56,13.18,0.07,88.44
2023-12-04,11.1,2.2,7.5,4.1,4.0,0.07,90,15.9,0.43,0.379,9.8,1.89,11.21,0.62,5.75,6.93,90.04
2023-12-05,3.8,-1.8,1.6,0.2,0.2,0.0,78,17.9,0.7,0.394,4.9,3.47,2.37,-4.9,-1.55,0.33,86.25
2023-12-06,6.3,-1.6,2.4,0.0,0.0,0.0,79,16.2,0.7,0.386,4.5,2.58,6.31,-4.23,0.46,0.03,86.75
2023-12-07,6.8,2.2,4.0,2.4,2.4,0.0,84,17.7,0.67,0.384,5.3,3.13,7.12,1.08,3.0,3.5,91.89
2023-12-08,8.9,3.1,5.6,0.8,0.8,0.0,85,19.8,0.72,0.394,5.9,3.99,12.12,2.29,5.76,1.65,92.47
2023-12-09,8.4,5.0,6.4,4.4,4.4,0.0,86,18.1,0.48,0.393,6.8,3.66,7.8,3.67,5.26,3.65,89.88
2023-12-10,8.6,5.5,7.0,14.3,14.3,0.0,93,19.2,0.35,0.418,7.3,1.87,8.24,4.49,5.63,13.55,95.68
2023-12-11,12.1,5.8,9.1,0.6,0.6,0.0,91,15.2,0.45,0.405,9.0,2.9,11.65,3.89,8.1,1.82,95.37
2023-12-12,8.0,4.9,5.8,6.4,6.4,0.0,93,14.4,0.24,0.412,6.9,2.35,9.75,3.95,6.96,7.18,97.17
2023-12-13,6.9,4.3,5.1,1.8,1.8,0.0,95,11.9,0.31,0.412,6.0,2.1,6.74,3.31,4.51,7.04,95.62
2023-12-14,11.3,3.5,6.3,0.0,0.0,0.0,91,16.6,0.51,0.404,6.4,3.7,10.9,3.23,6.82,0.4,91.35
2023-12-15,13.6,4.0,10.2,10.1,10.1,0.0,76,24.3,1.09,0.412,8.6,1.15,13.09,2.48,9.27,3.51,90.21
2023-12-16,3.1,-0.9,0.2,0.4,0.2,0.14,77,15.3,0.48,0.41,4.3,3.39,1.81,-2.24,-0.72,3.96,83.44
2023-12-17,4.3,-3.3,0.9,0.1,0.0,0.07,75,13.1,0.64,0.402,3.2,4.74,3.94,-4.21,-0.28,1.26,85.53
2023-12-18,7.5,4.2,6.1,3.3,3.3,0.0,89,14.2,0.3,0.403,5.6,1.43,6.53,1.48,4.67,9.4,96.16
2023-12-19,7.7,4.3,6.6,3.2,3.2,0.0,96,7.7,0.23,0.413,6.8,2.65,7.52,4.54,5.62,10.28,97.24
2023-12-20,11.9,5.7,8.6,0.0,0.0,0.0,82,24.1,0.85,0.399,8.1,5.78,11.78,4.05,6.92,0.31,93.48
2023-12-21,13.6,6.5,10.1,0.0,0.0,0.0,71,25.4,1.23,0.391,8.1,2.11,11.34,4.05,8.1,0.02,97.84
2023-12-22,13.6,9.3,11.1,4.8,4.8,0.0,79,22.8,0.94,0.393,9.7,2.5,13.71,8.7,10.92,4.17,89.42
2023-12-23,9.9,2.7,7.2,26.7,24.5,1.54,85,47.6,0.68,0.422,7.8,2.34,10.07,2.14,6.8,28.5,84.61
2023-12-24,4.1,-0.1,1.7,0.5,0.5,0.0,77,23.5,0.81,0.414,3.7,4.7,3.5,-0.12,1.48,1.07,78.27
2023-12-25,10.4,-1.0,5.0,2.3,2.3,0.0,83,34.2,0.53,0.407,4.2,2.48,9.16,-2.73,3.63,6.44,90.6
2023-12-26,14.6,9.2,10.8,2.8,2.8,0.0,80,24.0,1.09,0.407,8.7,4.2,11.47,6.78,8.91,0.72,94.43
2023-12-27,12.6,6.8,11.0,2.8,2.8,0.0,81,32.8,0.96,0.399,9.9,1.35,12.22,4.47,9.57,2.38,94.34
2023-12-28,6.5,1.3,4.2,0.0,0.0,0.0,73,21.3,0.99,0.395,6.4,5.69,5.56,-1.48,2.28,0.04,85.5
2023-12-29,11.5,1.5,7.8,0.0,0.0,0.0,76,29.0,1.18,0.391,6.3,6.4,11.03,-1.16,5.66,0.0,92.95
2023-12-30,12.4,5.6,9.0,0.0,0.0,0.0,84,17.4,0.82,0.385,7.9,5.29,10.81,5.55,7.95,0.14,95.0
2023-12-31,11.8,2.8,8.4,0.7,0.7,0.0,89,19.2,0.57,0.383,8.2,3.22,10.83,2.97,7.79,0.26,92.19
2024-01-01,10.8,1.3,4.9,0.0,0.0,0.0,85,10.3,0.73,0.38,5.3,6.43,10.39,1.01,4.88,0.12,93.27
2024-01-02,12.3,6.7,10.3,7.6,7.6,0.0,83,24.8,0.88,0.386,8.2,2.72,13.05,4.62,10.09,15.04,93.17
2024-01-03,9.7,2.6,6.1,8.0,8.0,0.0,86,23.6,0.75,0.414,6.6,5.63,9.25,1.97,5.94,5.48,90.06
2024-01-04,12.8,8.6,9.9,13.8,13.8,0.0,85,29.8,0.87,0.421,8.8,5.56,12.38,7.66,9.67,23.69,90.33
2024-01-05,10.6,5.9,9.1,17.9,17.9,0.0,88,25.9,0.52,0.423,8.8,1.45,10.71,6.0,8.43,12.34,94.62
2024-01-06,11.4,2.7,6.7,0.0,0.0,0.0,82,14.8,0.82,0.408,7.1,6.92,8.73,2.01,5.29,0.5,93.69
2024-01-07,14.9,6.1,10.5,0.3,0.3,0.0,60,21.3,1.85,0.398,8.5,5.53,12.94,6.54,9.0,0.01,89.18
2024-01-08,12.4,4.6,9.1,5.2,5.2,0.0,88,23.7,0.65,0.407,8.5,2.35,12.6,6.4,9.44,6.19,96.24
2024-01-09,9.8,-6.2,-0.8,5.0,3.3,1.19,83,20.9,0.33,0.411,3.8,4.35,8.7,-8.07,-0.79,5.71,87.86
2024-01-10,-0.1,-7.9,-4.4,0.0,0.0,0.0,75,13.8,0.54,0.4,-0.4,4.45,-1.05,-8.66,-5.03,0.08,87.36
2024-01-11,6.3,-1.5,2.6,0.4,0.4,0.0,83,20.4,0.59,0.399,-0.3,4.36,2.77,-2.67,0.4,0.84,94.44
2024-01-12,4.3,-7.8,-0.5,5.1,1.8,2.31,84,21.3,0.38,0.411,1.5,1.1,2.05,-10.37,-1.87,7.55,91.45
2024-01-13,-4.9,-10.3,-7.8,0.0,0.0,0.0,59,12.9,0.69,0.4,-1.2,5.79,-4.63,-10.97,-8.18,0.44,77.18
2024-01-14,4.7,-10.4,-2.5,7.3,1.8,3.85,75,25.4,0.71,0.396,-2.3,3.38,2.45,-8.11,-1.73,3.28,88.43
2024-01-15,7.4,2.3,4.8,11.1,6.5,3.22,78,27.9,1.06,0.421,1.2,4.5,7.02,2.77,4.47,2.44,83.94
2024-01-16,12.4,2.1,8.3,11.3,11.3,0.0,71,36.0,1.59,0.423,5.1,3.59,10.01,-0.5,6.24,8.0,89.98
2024-01-17,6.5,-2.8,0.6,0.0,0.0,0.0,83,10.4,0.76,0.413,2.4,7.86,5.66,-2.59,0.59,1.48,74.09
2024-01-18,12.4,-3.3,4.7,0.0,0.0,0.0,76,25.0,1.28,0.403,3.2,7.35,11.24,-1.03,5.63,0.01,81.73
2024-01-19,12.2,10.2,11.2,1.5,1.5,0.0,73,36.4,1.67,0.402,8.4,4.42,12.81,9.05,10.58,5.71,89.48
2024-01-20,12.8,1.3,8.9,20.1,16.8,2.31,89,26.7,0.58,0.422,8.6,3.55,13.39,0.61,8.75,11.44,92.07
2024-01-21,0.9,-4.7,-0.8,7.5,0.2,5.11,88,16.2,0.52,0.418,2.4,5.62,1.26,-7.62,-2.12,5.75,90.89
2024-01-22,0.0,-6.4,-3.5,0.0,0.0,0.0,79,22.0,0.61,0.406,-0.0,4.46,0.24,-7.74,-5.1,0.04,92.69
2024-01-23,-0.1,-6.2,-4.0,0.0,0.0,0.0,75,16.2,0.74,0.4,-1.2,8.37,0.4,-9.58,-5.78,0.0,89.49
2024-01-24,0.2,-7.7,-4.9,0.0,0.0,0.0,78,9.8,0.67,0.396,-2.5,8.93,0.71,-10.26,-5.23,0.0,89.04
2024-01-25,6.6,-3.2,1.9,0.5,0.5,0.0,86,13.9,0.52,0.395,-1.6,3.55,3.12,-3.83,0.69,5.13,96.27
2024-01-26,7.4,0.3,3.5,6.8,6.8,0.0,91,16.6,0.69,0.417,0.1,7.92,5.41,1.32,2.7,10.66,97.67
2024-01-27,4.5,0.7,2.1,0.1,0.1,0.0,93,8.9,0.54,0.413,1.4,5.69,4.13,-1.93,0.51,1.33,95.07
2024-01-28,2.8,-0.4,1.2,0.7,0.7,0.0,92,8.2,0.38,0.406,1.4,4.25,3.36,-2.47,-0.42,0.79,94.58
2024-01-29,1.6,-3.0,-0.4,0.2,0.1,0.07,80,20.4,0.71,0.4,1.1,6.07,0.58,-5.49,-2.18,0.57,90.08
2024-01-30,1.6,-5.7,-3.1,0.0,0.0,0.0,68,16.7,0.94,0.393,0.1,9.46,0.97,-6.61,-3.95,0.0,85.21
2024-01-31,4.3,-5.9,-1.6,0.0,0.0,0.0,74,8.2,0.83,0.389,-0.5,6.74,1.32,-6.0,-2.43,0.0,92.87
2024-02-01,8.6,-3.9,1.4,0.0,0.0,0.0,81,12.9,1.07,0.386,0.3,7.98,4.26,-2.72,0.22,1.89,86.86
2024-02-02,7.9,2.0,4.7,1.0,1.0,0.0,82,23.8,0.69,0.388,2.8,3.69,4.72,-0.45,2.11,1.19,95.17
2024-02-03,6.3,-1.9,2.9,0.3,0.3,0.0,78,25.5,1.11,0.386,2.7,6.68,4.26,-1.7,1.34,2.25,86.09
2024-02-04,9.2,4.5,6.6,10.6,10.6,0.0,86,27.4,0.77,0.411,5.2,5.72,9.03,2.99,5.66,7.92,91.22
2024-02-05,7.6,4.7,6.4,12.5,12.5,0.0,84,33.1,0.69,0.419,5.3,5.9,9.56,4.07,6.51,7.02,90.0
2024-02-06,8.4,4.5,6.4,2.7,2.7,0.0,76,34.0,1.22,0.417,5.6,5.85,7.67,2.26,5.43,1.83,81.93
2024-02-07,13.1,7.7,10.0,0.0,0.0,0.0,79,31.6,1.54,0.409,7.9,8.18,12.19,7.08,8.92,0.06,93.28
2024-02-08,13.4,8.9,10.8,0.0,0.0,0.0,80,35.2,1.5,0.399,9.2,5.84,13.5,7.59,9.96,0.11,92.17
2024-02-09,14.2,8.6,10.9,0.0,0.0,0.0,84,31.6,1.43,0.394,9.9,8.08,14.96,6.34,9.89,0.35,92.68
2024-02-10,15.4,10.1,12.1,0.0,0.0,0.0,72,26.4,2.05,0.388,10.6,9.23,15.08,8.42,10.56,0.16,88.85
2024-02-11,15.4,11.8,13.3,0.0,0.0,0.0,60,21.9,2.03,0.382,11.1,5.17,15.33,9.05,11.06,0.0,84.28
2024-02-12,17.0,7.4,12.4,0.0,0.0,0.0,57,15.2,2.0,0.372,10.6,4.54,14.53,7.37,10.27,0.0,86.84
2024-02-13,16.4,8.2,11.7,0.0,0.0,0.0,57,12.6,1.57,0.372,9.4,5.1,16.81,6.6,10.66,0.0,82.26
2024-02-14,16.2,7.1,11.4,0.0,0.0,0.0,72,17.0,1.25,0.371,10.0,7.76,15.94,7.5,11.24,0.0,78.69
2024-02-15,9.9,3.6,6.9,0.0,0.0,0.0,78,28.1,1.12,0.368,8.6,4.34,10.84,2.99,6.25,0.01,84.59
2024-02-16,5.8,0.6,3.5,0.1,0.1,0.0,69,19.7,1.04,0.37,5.8,5.78,6.86,-1.19,2.49,0.8,84.19
2024-02-17,3.5,-0.2,1.1,0.1,0.1,0.0,74,17.4,0.84,0.369,3.8,4.66,5.01,-1.96,0.88,0.83,87.22
2024-02-18,4.8,-0.2,2.0,0.0,0.0,0.0,78,10.7,0.77,0.37,4.0,4.52,5.87,-3.14,0.73,0.08,90.14
2024-02-19,2.7,1.1,1.8,1.0,0.4,0.42,82,12.0,0.38,0.373,3.6,4.39,5.92,-0.75,1.77,0.8,88.37
2024-02-20,4.4,-0.8,1.5,0.0,0.0,0.0,69,13.1,1.19,0.372,3.6,7.69,4.11,-2.37,0.35,1.05,88.53
2024-02-21,5.3,-1.6,2.1,0.0,0.0,0.0,70,11.5,1.1,0.366,4.1,7.1,5.62,-3.11,0.29,0.03,85.84
2024-02-22,8.1,0.6,3.6,0.0,0.0,0.0,74,8.7,1.27,0.362,5.0,11.47,7.96,-3.12,1.39,0.14,84.1
2024-02-23,10.6,-1.0,3.8,0.0,0.0,0.0,84,9.3,1.25,0.356,4.7,12.28,10.05,-0.71,4.07,0.05,86.59
2024-02-24,10.8,0.6,4.7,0.0,0.0,0.0,78,17.9,1.67,0.348,5.4,13.93,10.94,-1.48,3.19,0.0,86.0
2024-02-25,9.9,0.2,4.2,0.0,0.0,0.0,69,17.5,1.81,0.343,5.4,14.5,10.69,-3.55,2.08,0.0,82.64
2024-02-26,10.2,-0.7,3.9,0.0,0.0,0.0,69,14.8,1.77,0.333,5.3,15.01,10.59,-3.3,2.33,0.0,82.45
2024-02-27,10.4,-2.0,3.5,0.0,0.0,0.0,68,14.7,1.8,0.333,4.8,15.19,10.55,-3.94,1.39,0.0,83.99
2024-02-28,10.3,-1.7,3.5,0.0,0.0,0.0,73,11.8,1.67,0.34,4.9,15.39,10.0,-3.47,1.78,0.0,85.78
2024-02-29,12.8,-2.7,4.1,0.0,0.0,0.0,78,9.4,1.75,0.337,5.2,15.51,13.57,0.25,5.81,0.0,75.27
2024-03-01,13.8,-0.6,5.4,0.0,0.0,0.0,75,11.5,1.91,0.328,5.8,9.83,13.68,0.25,5.57,0.0,68.57
2024-03-02,11.4,-0.6,5.0,0.0,0.0,0.0,77,16.8,1.79,0.309,6.0,11.21,10.42,-2.44,3.88,0.0,83.69
2024-03-03,12.1,3.8,7.1,0.0,0.0,0.0,71,18.0,1.87,0.305,7.3,9.14,12.01,0.99,5.27,0.03,88.36
2024-03-04,10.4,4.2,6.8,0.0,0.0,0.0,79,13.0,1.08,0.305,7.4,9.74,12.32,3.5,7.05,0.3,90.44
2024-03-05,12.9,1.4,7.2,0.2,0.2,0.0,85,11.2,1.64,0.306,7.5,10.58,13.69,3.53,8.21,0.01,82.9
2024-03-06,11.1,3.5,7.3,17.6,17.6,0.0,87,19.7,1.06,0.347,7.7,12.08,11.83,2.87,6.89,3.41,88.58
2024-03-07,6.9,2.2,4.4,9.9,9.8,0.07,86,18.2,0.81,0.413,5.5,6.1,7.02,1.11,3.52,4.16,88.11
2024-03-08,7.3,-1.2,2.9,0.0,0.0,0.0,79,10.9,1.26,0.403,4.2,6.83,7.92,-1.17,2.83,0.32,84.81
2024-03-09,6.8,-2.2,2.1,0.0,0.0,0.0,77,12.8,1.36,0.395,3.6,13.36,7.14,-2.88,1.58,0.05,80.84
2024-03-10,10.0,-3.0,3.2,0.0,0.0,0.0,75,15.8,1.85,0.383,3.8,14.01,9.9,-1.27,3.5,0.0,74.75
2024-03-11,9.8,1.2,5.5,2.0,2.0,0.0,75,16.7,1.87,0.378,5.7,11.24,10.28,-0.63,3.96,0.29,84.19
2024-03-12,10.8,-0.9,4.4,0.0,0.0,0.0,75,17.7,2.01,0.371,5.5,15.07,11.44,-2.48,3.52,0.01,79.16
2024-03-13,12.2,3.1,7.0,0.1,0.1,0.0,66,24.5,2.16,0.365,7.1,11.45,14.01,-0.59,5.7,0.02,79.75
2024-03-14,14.1,5.8,8.6,1.1,1.1,0.0,76,19.1,1.59,0.364,8.2,4.63,16.0,3.93,7.94,0.96,87.94
2024-03-15,13.6,7.4,10.0,0.3,0.3,0.0,84,12.9,1.63,0.356,10.1,7.11,14.92,5.62,9.72,0.63,86.96
2024-03-16,12.7,6.0,8.7,0.1,0.1,0.0,79,10.6,1.4,0.352,9.7,12.71,13.22,4.42,8.39,0.04,84.84
2024-03-17,12.6,5.5,8.7,0.1,0.1,0.0,79,11.5,1.74,0.348,9.6,10.26,12.77,4.14,8.42,0.07,80.77
2024-03-18,13.9,4.6,8.9,0.1,0.1,0.0,80,9.3,1.76,0.336,9.8,11.46,14.04,5.04,9.14,0.33,79.93
2024-03-19,16.8,3.1,9.8,0.0,0.0,0.0,72,19.2,2.84,0.325,9.7,17.78,16.93,1.34,8.62,0.0,79.61
2024-03-20,12.6,5.4,9.1,0.1,0.1,0.0,77,15.5,1.65,0.317,9.7,13.32,12.75,4.15,8.08,0.07,87.7
2024-03-21,11.9,5.3,8.3,1.9,1.9,0.0,87,13.9,1.11,0.324,9.0,8.86,11.42,5.13,8.17,0.51,86.72
2024-03-22,10.6,3.5,6.2,2.3,2.3,0.0,77,19.5,1.12,0.342,6.9,7.29,8.85,2.4,5.08,4.3,85.3
2024-03-23,10.2,4.1,6.4,3.6,3.6,0.0,85,13.5,0.99,0.364,7.0,9.61,11.55,2.14,5.88,2.4,85.53
2024-03-24,12.6,3.7,7.7,0.4,0.4,0.0,79,23.2,1.91,0.347,7.8,13.96,12.84,2.72,7.15,0.32,85.31
2024-03-25,15.9,1.5,8.4,0.0,0.0,0.0,72,14.9,2.84,0.334,8.7,19.38,15.39,1.41,7.87,0.07,76.28
2024-03-26,10.2,5.4,7.5,7.0,7.0,0.0,80,32.8,1.34,0.358,8.1,8.37,10.06,4.36,6.73,8.42,87.23
2024-03-27,13.4,4.8,8.5,0.0,0.0,0.0,81,16.6,1.85,0.357,8.6,14.61,13.78,3.86,8.14,0.82,85.71
2024-03-28,17.4,3.5,10.0,0.0,0.0,0.0,65,13.7,3.13,0.34,9.2,20.16,17.0,1.97,9.22,0.0,72.91
2024-03-29,17.9,8.4,13.4,2.1,2.1,0.0,60,22.5,2.0,0.327,10.9,7.16,18.5,7.63,12.02,0.98,77.68
2024-03-30,17.7,8.8,12.9,0.0,0.0,0.0,70,28.0,3.16,0.325,12.6,17.05,16.34,6.87,11.41,0.2,77.67
2024-03-31,22.3,6.0,14.0,0.0,0.0,0.0,66,9.2,3.59,0.307,12.9,20.06,21.08,6.02,13.14,0.0,71.93
2024-04-01,23.9,8.6,14.6,0.0,0.0,0.0,65,14.2,3.64,0.287,14.0,19.54,24.4,7.46,14.52,0.0,65.98
2024-04-02,24.4,8.1,16.9,0.0,0.0,0.0,44,14.7,4.55,0.262,14.6,18.66,22.23,7.61,14.16,0.0,64.79
2024-04-03,19.9,10.8,15.4,6.2,6.2,0.0,57,20.4,3.24,0.259,14.3,10.92,18.59,9.0,12.44,3.88,75.42
2024-04-04,17.6,7.9,12.3,0.0,0.0,0.0,72,19.7,3.22,0.249,12.9,21.06,18.41,6.33,12.22,0.28,73.37
2024-04-05,19.5,6.4,12.1,0.6,0.6,0.0,73,16.0,3.23,0.235,13.0,18.91,19.01,7.44,12.33,0.02,72.22
2024-04-06,18.7,4.9,11.6,0.0,0.0,0.0,72,13.7,3.32,0.224,12.7,21.83,18.0,6.2,11.41,0.0,71.49
2024-04-07,20.2,6.1,13.1,0.0,0.0,0.0,63,20.6,4.21,0.208,12.9,22.99,19.54,4.57,12.17,0.0,73.73
2024-04-08,22.6,10.8,16.5,0.0,0.0,0.0,44,27.4,5.55,0.198,15.5,23.0,20.31,7.9,13.39,0.0,66.1
2024-04-09,22.4,9.4,15.8,0.0,0.0,0.0,55,17.1,4.33,0.186,15.9,22.69,21.61,6.05,13.31,0.0,75.66
2024-04-10,22.4,11.6,16.9,0.0,0.0,0.0,58,20.1,4.48,0.177,17.0,21.6,21.42,7.33,14.25,0.0,79.25
2024-04-11,23.6,12.8,17.7,0.0,0.0,0.0,62,25.9,3.78,0.171,17.3,19.07,21.38,10.94,15.68,0.05,78.47
2024-04-12,24.1,10.6,17.0,0.0,0.0,0.0,68,18.1,3.87,0.165,17.8,20.0,19.33,10.18,14.5,0.01,83.84
2024-04-13,18.5,10.8,14.0,0.0,0.0,0.0,81,18.5,2.85,0.162,16.4,15.76,19.97,9.62,14.35,0.13,84.71
2024-04-14,20.4,10.8,14.5,0.5,0.5,0.0,76,16.9,3.24,0.167,15.8,18.76,19.88,9.88,14.24,0.03,79.98
2024-04-15,18.5,11.4,14.6,0.0,0.0,0.0,71,31.8,3.49,0.179,15.5,18.72,18.81,10.74,14.16,0.05,77.94
2024-04-16,23.2,13.6,18.1,0.0,0.0,0.0,45,28.8,5.81,0.174,17.4,21.2,21.26,11.91,15.58,0.0,67.32
2024-04-17,27.2,13.9,20.2,0.0,0.0,0.0,38,29.2,5.48,0.164,18.3,18.73,23.01,11.9,16.94,0.0,69.69
2024-04-18,26.8,12.4,20.1,0.0,0.0,0.0,49,31.0,5.56,0.151,19.0,18.98,24.76,12.47,17.85,0.0,67.99
2024-04-19,20.1,12.6,15.7,0.7,0.7,0.0,68,13.5,2.83,0.153,17.4,13.25,18.43,9.38,13.76,1.45,79.18
2024-04-20,25.5,10.8,18.3,0.0,0.0,0.0,60,24.0,4.93,0.156,18.0,19.96,25.21,8.23,16.34,0.04,79.74
2024-04-21,18.7,10.2,15.5,0.0,0.0,0.0,69,31.5,3.74,0.157,17.7,19.05,17.72,7.51,13.68,0.04,79.24
2024-04-22,22.2,7.6,15.0,0.0,0.0,0.0,67,13.5,4.11,0.157,16.1,25.09,22.18,7.05,13.59,0.03,76.43
2024-04-23,21.2,10.6,15.8,0.0,0.0,0.0,65,12.7,4.04,0.159,17.1,24.35,20.6,9.05,14.6,0.17,73.1
2024-04-24,28.5,12.6,19.9,0.0,0.0,0.0,47,22.4,5.25,0.157,18.7,12.79,23.81,10.94,16.5,0.03,70.52
2024-04-25,31.0,18.8,25.0,0.0,0.0,0.0,38,28.7,6.27,0.154,22.2,14.77,26.17,15.3,20.39,0.05,65.57
2024-04-26,28.6,16.3,22.3,0.0,0.0,0.0,54,12.6,4.15,0.149,21.9,11.83,28.86,17.32,22.19,0.05,75.35
2024-04-27,27.6,16.5,22.0,0.0,0.0,0.0,70,14.2,4.45,0.154,22.5,18.16,26.4,15.15,20.11,0.03,78.39
2024-04-28,28.9,15.1,22.2,0.0,0.0,0.0,64,12.0,4.91,0.155,22.7,19.84,28.69,14.74,21.78,0.02,75.35
2024-04-29,28.2,16.2,21.5,0.0,0.0,0.0,69,22.6,4.62,0.152,22.5,17.0,25.87,16.61,20.69,0.51,80.63
2024-04-30,19.2,13.4,16.2,0.3,0.3,0.0,69,33.1,3.3,0.158,19.0,5.84,16.52,12.46,14.87,0.47,84.07
2024-05-01,15.8,11.4,13.5,15.1,15.1,0.0,82,29.5,1.91,0.257,14.5,12.0,19.6,10.73,14.68,1.03,78.08
2024-05-02,23.1,10.8,17.0,0.1,0.1,0.0,61,21.3,4.6,0.308,16.3,24.49,23.13,10.0,16.16,0.04,68.4
2024-05-03,23.9,11.6,17.6,0.0,0.0,0.0,59,16.8,4.65,0.271,17.8,21.68,24.21,9.57,17.22,0.09,68.1
2024-05-04,18.6,11.1,14.9,0.0,0.0,0.0,52,23.9,5.07,0.247,17.2,26.45,19.07,8.05,13.68,0.12,66.87
2024-05-05,16.0,9.1,12.3,0.0,0.0,0.0,42,26.9,5.17,0.227,15.4,27.74,16.9,5.58,10.86,0.32,57.4
2024-05-06,19.5,5.2,12.8,0.0,0.0,0.0,60,10.8,4.38,0.211,15.0,28.02,19.22,4.09,12.44,0.0,59.54
2024-05-07,22.4,9.1,16.4,0.0,0.0,0.0,61,13.5,4.49,0.194,16.9,26.85,22.47,9.52,15.91,0.01,58.58
2024-05-08,21.7,10.3,15.2,3.2,3.2,0.0,67,20.7,4.07,0.193,16.5,18.86,20.16,8.48,14.58,0.49,71.0
2024-05-09,19.9,11.4,15.9,0.3,0.3,0.0,59,15.9,4.7,0.193,17.4,22.84,19.62,10.84,14.52,0.54,69.12
2024-05-10,21.4,10.1,16.0,0.0,0.0,0.0,44,18.2,5.67,0.18,17.6,28.46,21.51,6.96,14.3,0.04,58.09
2024-05-11,22.4,10.4,15.7,7.5,7.5,0.0,63,15.5,3.65,0.198,16.7,15.78,21.09,7.2,14.42,6.61,70.94
2024-05-12,20.5,10.1,15.8,0.1,0.1,0.0,65,19.4,4.45,0.319,17.0,22.03,20.19,9.39,15.19,1.89,69.32
2024-05-13,18.5,9.2,14.0,0.8,0.8,0.0,67,20.8,3.49,0.294,15.6,18.31,19.93,7.53,14.14,0.49,68.87
2024-05-14,14.1,8.9,12.2,5.9,5.9,0.0,79,15.0,1.62,0.294,13.9,13.98,16.6,7.73,12.49,1.78,75.17
2024-05-15,14.4,7.6,11.5,8.5,8.5,0.0,76,24.7,2.75,0.303,12.8,15.82,13.63,7.11,10.67,5.92,82.28
2024-05-16,17.1,8.5,12.5,2.2,2.2,0.0,77,11.9,2.97,0.32,13.7,19.62,17.81,8.62,13.09,1.38,74.3
2024-05-17,17.3,8.4,12.5,6.8,6.8,0.0,77,18.5,3.47,0.3,14.1,18.93,17.89,6.6,12.58,0.35,70.05
2024-05-18,20.0,6.7,13.9,0.0,0.0,0.0,71,8.9,3.97,0.286,15.0,25.86,20.79,9.93,15.31,0.08,55.37
2024-05-19,20.9,10.8,15.7,8.4,8.4,0.0,74,18.4,3.78,0.292,16.4,23.14,22.03,10.28,16.27,0.14,67.51
2024-05-20,22.3,11.6,17.2,0.4,0.4,0.0,73,12.7,4.62,0.276,17.7,25.96,23.57,11.13,17.49,0.01,68.16
2024-05-21,25.4,11.4,19.0,0.0,0.0,0.0,61,20.4,5.67,0.248,19.1,28.0,25.71,9.83,18.29,0.0,65.42
2024-05-22,26.5,13.1,19.8,0.0,0.0,0.0,48,15.9,5.97,0.223,20.1,29.3,27.08,11.22,19.12,0.0,61.52
2024-05-23,26.4,13.9,20.4,0.0,0.0,0.0,46,24.2,6.8,0.201,20.7,29.81,26.66,12.11,19.63,0.0,54.63
2024-05-24,26.6,16.8,21.9,0.0,0.0,0.0,40,38.2,8.47,0.182,21.8,29.11,26.78,13.46,20.43,0.0,48.92
2024-05-25,22.6,17.1,19.2,0.3,0.3,0.0,48,42.6,6.19,0.172,20.5,22.13,22.04,14.71,17.88,0.19,58.03
2024-05-26,23.8,13.2,17.6,6.4,6.4,0.0,56,21.7,4.95,0.183,19.5,16.38,24.79,11.51,18.0,0.16,59.67
2024-05-27,23.9,14.6,19.3,5.5,5.5,0.0,66,17.3,3.98,0.245,19.8,21.01,24.01,13.35,18.8,2.08,73.59
2024-05-28,25.1,16.1,20.4,0.1,0.1,0.0,62,17.8,4.53,0.298,20.3,16.71,26.09,13.63,19.38,1.86,70.9
2024-05-29,21.7,14.4,18.2,10.2,10.2,0.0,79,23.3,2.8,0.331,19.1,12.81,22.49,12.95,17.85,12.8,84.18
2024-05-30,25.0,12.8,18.8,3.0,3.0,0.0,84,13.9,3.26,0.318,19.4,20.81,26.14,12.71,18.29,2.38,82.03
2024-05-31,25.9,16.0,20.4,0.7,0.7,0.0,83,11.2,4.05,0.298,21.0,19.82,27.42,14.43,20.65,2.41,73.56
2024-06-01,27.5,15.6,21.7,0.0,0.0,0.0,73,14.0,5.43,0.289,21.8,27.2,28.74,14.2,21.5,0.04,65.43
2024-06-02,28.5,15.4,22.1,0.0,0.0,0.0,66,11.6,5.62,0.259,22.6,29.53,29.62,14.18,22.16,0.0,63.31
2024-06-03,29.5,15.9,23.2,0.0,0.0,0.0,68,9.9,5.75,0.23,23.5,29.71,31.7,15.73,23.61,0.0,56.82
2024-06-04,32.0,15.6,24.7,0.0,0.0,0.0,61,8.8,6.02,0.208,24.5,29.7,33.67,17.03,25.49,0.0,53.11
2024-06-05,33.2,18.5,25.6,0.0,0.0,0.0,64,13.6,6.3,0.191,25.7,29.16,35.43,19.27,27.0,0.0,53.57
2024-06-06,29.8,18.1,23.9,0.0,0.0,0.0,67,19.2,5.81,0.178,25.1,27.72,30.99,18.54,24.43,0.03,67.75
2024-06-07,28.9,19.7,24.4,0.0,0.0,0.0,64,18.9,6.04,0.167,25.7,28.01,29.97,18.2,24.13,0.06,61.96
2024-06-08,31.2,18.1,24.9,0.0,0.0,0.0,61,13.5,6.04,0.156,25.9,27.27,31.89,17.57,24.94,0.0,57.43
2024-06-09,30.6,18.7,24.4,1.1,1.1,0.0,66,21.0,5.38,0.16,25.9,22.38,31.61,18.2,25.14,0.82,61.23
2024-06-10,30.3,18.1,24.8,0.1,0.1,0.0,62,13.8,5.77,0.17,25.8,23.5,31.31,18.87,25.46,0.06,57.77
2024-06-11,30.9,19.2,25.6,0.3,0.3,0.0,57,13.0,6.0,0.162,26.5,26.43,32.91,19.25,26.47,0.0,57.65
2024-06-12,31.8,19.9,26.0,0.6,0.6,0.0,71,15.0,5.35,0.152,27.4,27.11,32.69,20.88,26.73,0.02,56.67
2024-06-13,29.8,20.4,25.0,0.3,0.3,0.0,69,17.3,5.44,0.149,27.2,27.37,32.28,19.53,25.76,0.14,63.27
2024-06-14,32.6,17.1,26.0,0.0,0.0,0.0,56,7.6,5.8,0.152,27.0,29.0,34.77,19.49,26.96,0.0,49.7
2024-06-15,25.2,20.9,22.9,18.4,18.4,0.0,80,18.1,3.04,0.193,24.8,13.92,29.43,20.32,23.73,9.81,69.53
2024-06-16,26.2,20.3,23.1,5.7,5.7,0.0,73,27.3,4.79,0.191,24.1,22.15,27.31,19.08,22.92,8.4,77.27
2024-06-17,28.1,19.0,23.9,0.3,0.3,0.0,68,17.1,5.43,0.194,25.2,25.97,28.92,18.02,23.33,0.36,70.85
2024-06-18,30.4,18.7,24.9,0.6,0.6,0.0,68,13.8,5.7,0.18,26.5,27.49,31.94,18.07,25.34,0.04,63.88
2024-06-19,33.0,20.4,27.1,0.0,0.0,0.0,56,15.7,6.72,0.16,28.0,27.03,34.44,19.76,27.23,0.0,55.33
2024-06-20,33.7,22.1,28.3,0.2,0.2,0.0,50,17.1,6.29,0.145,29.7,25.79,34.69,21.14,28.04,0.04,55.39
2024-06-21,27.0,19.4,23.4,0.0,0.0,0.0,53,22.0,6.71,0.138,27.7,30.5,27.85,18.1,22.86,0.0,51.36
2024-06-22,29.3,17.7,23.6,0.0,0.0,0.0,56,17.7,6.14,0.135,26.6,27.23,29.67,17.64,23.52,0.0,56.72
2024-06-23,31.5,16.0,24.7,0.0,0.0,0.0,56,14.5,6.37,0.136,27.2,29.41,33.17,17.4,25.29,0.0,48.42
2024-06-24,33.7,18.2,26.4,0.0,0.0,0.0,59,19.9,6.59,0.137,28.4,28.52,34.55,19.86,27.07,0.0,48.18
2024-06-25,29.0,21.8,25.1,0.0,0.0,0.0,58,22.5,6.34,0.136,28.0,26.0,29.51,20.14,24.96,0.27,58.06
2024-06-26,27.0,19.2,23.1,0.0,0.0,0.0,48,18.3,6.81,0.134,26.5,29.22,28.37,17.48,22.77,0.26,48.23
2024-06-27,28.8,18.3,23.6,0.1,0.1,0.0,54,19.4,6.14,0.129,26.1,25.19,28.7,17.41,23.02,0.67,52.19
2024-06-28,30.0,17.6,24.5,0.0,0.0,0.0,49,17.2,6.18,0.129,26.5,25.4,29.7,16.94,23.75,2.92,54.65
2024-06-29,30.5,18.5,25.1,0.0,0.0,0.0,40,21.7,7.41,0.129,27.0,28.46,31.38,16.52,24.48,0.0,50.28
2024-06-30,33.4,19.5,27.0,0.0,0.0,0.0,37,23.8,7.93,0.124,28.0,26.88,33.75,17.35,26.37,0.0,43.47
2024-07-01,35.2,20.0,28.6,0.0,0.0,0.0,36,19.6,8.52,0.121,29.7,29.26,35.96,19.64,28.25,0.0,39.54
2024-07-02,34.6,20.5,28.3,0.0,0.0,0.0,28,16.7,8.33,0.12,30.0,28.58,35.33,19.32,27.84,0.01,36.08
2024-07-03,32.5,20.4,27.0,0.2,0.2,0.0,47,15.5,6.5,0.12,29.4,27.47,34.6,19.21,27.55,0.05,47.68
2024-07-04,34.8,21.0,28.7,0.0,0.0,0.0,52,11.7,6.35,0.12,30.6,27.52,37.08,21.14,28.98,0.0,47.66
2024-07-05,35.5,21.8,29.2,1.4,1.4,0.0,52,19.4,6.49,0.122,31.0,26.76,37.62,22.79,29.59,0.24,50.16
2024-07-06,35.2,24.3,29.5,0.8,0.8,0.0,57,24.6,6.33,0.124,31.1,24.52,33.66,23.47,28.24,0.8,61.97
2024-07-07,37.2,25.0,30.9,0.2,0.2,0.0,41,21.6,8.34,0.125,31.4,23.25,38.92,22.99,31.28,0.22,46.51
2024-07-08,38.8,24.4,32.3,0.0,0.0,0.0,36,22.9,8.83,0.136,32.1,25.51,39.89,23.58,31.91,0.0,40.86
2024-07-09,37.4,25.6,31.5,0.9,0.9,0.0,38,22.8,8.19,0.145,31.8,24.14,39.82,24.57,32.39,0.04,36.91
2024-07-10,36.6,28.2,31.7,0.0,0.0,0.0,30,27.1,9.98,0.143,32.0,21.9,37.61,25.53,30.97,0.06,39.06
2024-07-11,32.5,22.9,27.8,1.1,1.1,0.0,52,30.3,7.64,0.14,30.4,14.58,35.86,25.93,30.28,0.01,40.31
2024-07-12,37.0,24.4,30.8,0.0,0.0,0.0,34,25.1,9.17,0.137,31.6,25.14,38.05,23.25,31.02,0.0,34.92
2024-07-13,33.8,24.9,29.4,0.0,0.0,0.0,23,27.3,10.57,0.135,31.0,29.17,36.55,22.67,29.33,0.0,26.26
2024-07-14,34.3,22.8,28.9,0.0,0.0,0.0,21,27.5,11.11,0.134,30.2,29.51,36.31,19.57,28.48,0.0,24.87
2024-07-15,35.5,23.1,30.1,0.0,0.0,0.0,22,25.9,10.46,0.134,30.6,28.18,38.39,20.55,29.77,0.0,25.01
2024-07-16,38.5,24.4,31.8,0.0,0.0,0.0,27,22.0,9.19,0.134,32.2,25.76,40.17,21.63,31.8,0.0,30.38
2024-07-17,39.0,26.8,33.2,0.0,0.0,0.0,26,22.9,10.29,0.131,33.5,26.98,41.05,25.25,33.4,0.0,29.09
2024-07-18,38.0,26.8,32.7,0.0,0.0,0.0,23,28.4,10.69,0.126,33.6,26.68,39.72,24.19,32.16,0.0,28.0
2024-07-19,38.8,24.0,31.9,0.0,0.0,0.0,32,20.5,8.26,0.124,33.2,24.2,39.51,23.31,31.98,0.0,33.18
2024-07-20,37.5,25.8,31.0,0.2,0.2,0.0,44,26.0,6.92,0.125,32.8,21.89,38.75,26.35,31.76,0.96,40.35
2024-07-21,36.1,24.0,30.1,0.0,0.0,0.0,41,12.0,6.4,0.132,32.1,25.0,37.7,23.1,30.86,1.23,43.82
2024-07-22,34.4,23.0,28.8,0.4,0.4,0.0,55,13.3,5.68,0.143,31.5,20.42,36.22,24.36,29.81,0.53,54.32
2024-07-23,31.0,20.9,25.0,17.1,17.1,0.0,80,15.2,3.92,0.207,27.7,13.28,31.49,21.71,26.65,12.89,68.86
2024-07-24,29.8,20.6,25.3,0.1,0.1,0.0,69,13.0,5.07,0.21,27.4,21.79,31.77,20.4,25.87,1.82,60.64
2024-07-25,29.9,19.9,25.0,0.0,0.0,0.0,57,13.4,5.95,0.185,27.7,26.08,32.71,19.27,25.83,0.06,51.54
2024-07-26,31.5,19.0,25.9,0.1,0.1,0.0,43,21.7,7.03,0.165,27.6,20.45,31.79,19.09,25.98,0.12,43.94
2024-07-27,33.5,23.2,28.0,0.0,0.0,0.0,34,25.3,8.73,0.151,29.2,23.84,34.81,22.76,28.49,0.08,37.8
2024-07-28,33.0,20.2,27.3,0.0,0.0,0.0,31,18.0,8.04,0.142,29.3,24.67,34.76,18.67,26.92,0.01,37.89
2024-07-29,35.7,19.9,27.7,0.0,0.0,0.0,45,18.6,6.2,0.136,29.7,26.44,36.96,20.6,28.9,0.0,39.57
2024-07-30,31.2,21.5,26.0,0.3,0.3,0.0,50,24.9,6.54,0.133,29.4,24.61,32.14,20.46,26.36,0.04,50.72
2024-07-31,29.2,19.8,24.1,0.0,0.0,0.0,55,17.9,5.87,0.135,27.2,22.43,30.17,20.03,24.73,0.17,50.48
2024-08-01,31.0,18.9,25.1,0.0,0.0,0.0,54,17.2,5.74,0.135,27.8,24.34,31.97,19.56,25.55,1.53,48.94
2024-08-02,32.4,18.6,26.0,0.0,0.0,0.0,55,16.0,5.79,0.135,28.1,23.4,32.71,19.56,25.97,0.0,50.5
2024-08-03,33.3,19.1,26.5,0.0,0.0,0.0,56,16.9,5.63,0.136,29.0,23.87,34.31,20.3,27.47,0.2,50.52
2024-08-04,34.5,22.2,28.0,0.0,0.0,0.0,55,13.8,5.89,0.135,30.0,24.13,36.84,21.82,28.54,0.02,46.92
2024-08-05,29.8,21.2,25.1,2.7,2.7,0.0,70,20.3,4.54,0.164,27.7,17.32,28.61,20.77,24.74,25.7,73.33
2024-08-06,27.8,21.5,24.3,1.5,1.5,0.0,73,11.0,4.0,0.219,26.6,19.45,29.76,20.83,24.92,4.03,69.67
2024-08-07,29.5,19.2,24.0,0.9,0.9,0.0,69,18.6,4.31,0.223,26.0,18.28,30.72,20.04,25.15,0.84,59.35
2024-08-08,31.7,18.9,25.5,0.0,0.0,0.0,59,15.9,5.61,0.203,26.8,23.87,32.79,21.3,26.4,0.08,54.23
2024-08-09,32.7,18.7,26.2,0.0,0.0,0.0,57,15.2,5.62,0.18,27.5,22.08,34.37,20.87,27.22,0.02,50.02
2024-08-10,32.7,19.1,26.8,0.0,0.0,0.0,47,14.0,6.35,0.161,28.2,24.8,35.01,19.75,27.46,0.0,48.26
2024-08-11,32.8,21.0,27.3,0.0,0.0,0.0,55,17.3,5.76,0.153,28.9,23.64,35.23,21.87,27.93,0.04,52.57
2024-08-12,30.4,21.5,25.9,0.0,0.0,0.0,52,24.0,6.3,0.145,28.4,24.99,31.0,20.69,25.71,0.01,55.42
2024-08-13,31.6,18.4,25.2,0.0,0.0,0.0,54,21.3,5.44,0.142,27.1,21.27,32.69,19.54,25.96,1.18,46.22
2024-08-14,28.4,19.1,24.1,0.0,0.0,0.0,52,18.0,6.01,0.141,27.1,24.62,29.24,18.01,23.72,2.67,56.13
2024-08-15,30.0,15.2,23.2,0.0,0.0,0.0,49,18.4,5.66,0.137,25.9,24.94,31.35,18.1,23.96,0.0,45.18
2024-08-16,30.9,18.8,24.5,0.0,0.0,0.0,46,18.4,5.99,0.136,26.6,24.48,31.04,17.38,23.92,0.0,47.54
2024-08-17,31.4,18.6,24.9,0.0,0.0,0.0,37,15.7,6.45,0.138,26.5,24.98,33.18,16.77,24.86,0.0,41.05
2024-08-18,34.6,17.5,26.4,0.0,0.0,0.0,28,16.1,7.09,0.137,27.5,25.31,36.29,16.15,26.07,0.0,34.54
2024-08-19,35.8,19.4,27.7,0.0,0.0,0.0,27,16.3,7.67,0.133,28.6,24.51,37.47,17.43,27.4,0.0,33.17
2024-08-20,35.4,21.7,28.6,0.0,0.0,0.0,39,18.1,6.71,0.13,29.8,23.18,37.7,19.99,28.77,0.0,45.29
2024-08-21,36.5,22.3,29.6,0.0,0.0,0.0,44,11.9,5.68,0.127,30.8,23.08,38.26,21.22,29.76,0.01,55.96
2024-08-22,35.2,22.2,29.4,0.0,0.0,0.0,43,11.3,4.8,0.127,30.4,16.31,33.51,23.7,27.86,0.25,58.31
2024-08-23,35.0,22.3,28.9,0.1,0.1,0.0,55,14.9,5.45,0.129,30.6,19.12,36.96,23.14,29.42,0.2,51.6
2024-08-24,35.2,21.2,28.5,0.0,0.0,0.0,51,19.8,6.05,0.135,29.8,19.88,35.53,21.0,28.38,2.62,53.3
2024-08-25,31.0,22.4,27.0,0.0,0.0,0.0,38,31.2,7.86,0.143,28.8,20.2,33.96,21.2,27.56,0.06,45.26
2024-08-26,32.8,21.2,25.6,2.5,2.5,0.0,43,33.5,7.63,0.141,27.9,19.95,32.18,21.64,26.61,0.37,40.02
2024-08-27,29.2,19.5,23.5,4.7,4.7,0.0,72,19.8,2.95,0.191,25.0,18.96,30.31,19.29,24.37,4.54,71.62
2024-08-28,32.3,19.7,26.2,0.0,0.0,0.0,65,8.0,4.45,0.227,27.2,20.78,35.48,21.35,27.62,0.2,61.84
2024-08-29,32.6,22.1,27.2,0.0,0.0,0.0,49,15.5,5.61,0.203,27.9,20.54,36.31,21.67,28.92,0.13,50.45
2024-08-30,26.0,21.4,23.4,22.8,22.8,0.0,69,19.3,2.53,0.268,24.7,9.6,27.6,21.48,24.17,3.58,64.97
2024-08-31,29.5,20.2,23.9,1.1,1.1,0.0,66,20.9,4.41,0.291,24.6,10.16,27.83,19.28,23.58,7.85,72.63
2024-09-01,30.8,21.4,26.0,0.0,0.0,0.0,44,25.6,6.76,0.256,25.8,19.2,32.03,18.01,24.71,0.32,51.6
2024-09-02,29.5,22.0,24.9,2.4,2.4,0.0,56,18.0,4.15,0.249,25.6,11.64,33.89,19.02,25.24,3.67,56.54
2024-09-03,29.5,19.8,23.9,5.4,5.4,0.0,79,18.1,3.28,0.309,24.9,16.04,29.51,20.58,24.86,1.13,72.51
2024-09-04,29.8,20.0,23.9,4.6,4.6,0.0,81,13.2,3.5,0.303,25.1,15.48,30.29,21.07,25.43,2.72,70.48
2024-09-05,28.5,20.0,23.7,0.0,0.0,0.0,62,25.3,5.12,0.284,24.4,15.37,29.04,20.18,23.86,2.07,60.81
2024-09-06,27.0,21.1,23.6,0.0,0.0,0.0,46,33.2,6.15,0.246,24.2,16.54,26.22,18.86,22.32,0.11,51.27
2024-09-07,27.5,18.9,22.6,0.0,0.0,0.0,54,24.1,5.74,0.223,24.2,14.4,30.32,17.55,23.45,0.16,50.55
2024-09-08,27.4,19.3,22.2,1.7,1.7,0.0,59,21.9,4.42,0.212,23.5,14.93,29.29,17.91,23.01,0.1,51.46
2024-09-09,27.0,18.9,21.9,23.0,23.0,0.0,73,23.0,3.09,0.263,22.8,14.71,30.6,17.31,23.91,1.36,60.75
2024-09-10,29.8,17.0,23.3,0.0,0.0,0.0,77,8.7,3.64,0.29,23.7,19.27,33.13,19.3,25.34,0.37,63.96
2024-09-11,32.7,19.0,25.5,0.0,0.0,0.0,64,14.2,4.55,0.248,25.4,19.83,35.86,20.3,27.25,0.0,50.47
2024-09-12,31.5,20.1,25.6,0.0,0.0,0.0,64,11.7,3.96,0.225,26.1,17.81,34.56,19.94,26.07,0.2,59.29
2024-09-13,28.8,20.4,24.1,4.0,4.0,0.0,76,18.5,3.38,0.213,25.8,15.44,32.1,20.05,25.2,9.56,71.26
2024-09-14,30.7,19.5,24.4,0.0,0.0,0.0,61,19.9,4.9,0.211,25.1,18.95,33.25,17.52,24.7,1.15,59.95
2024-09-15,28.8,20.3,24.6,0.0,0.0,0.0,41,31.8,7.56,0.192,25.4,19.17,31.8,16.56,24.26,0.0,40.75
2024-09-16,27.6,19.0,22.8,2.3,2.3,0.0,49,33.0,5.6,0.177,24.5,16.52,27.98,17.42,22.4,0.43,45.05
2024-09-17,22.5,16.6,19.0,27.0,27.0,0.0,82,26.0,2.0,0.253,20.5,5.95,25.43,16.18,20.35,7.94,70.53
2024-09-18,24.9,16.9,20.5,3.0,3.0,0.0,63,22.7,3.87,0.276,20.6,15.22,25.56,17.07,21.21,3.32,63.72
2024-09-19,25.0,15.9,19.9,0.0,0.0,0.0,38,26.2,5.98,0.241,21.1,18.07,26.25,13.56,19.41,0.01,39.27
2024-09-20,24.0,15.1,19.2,0.0,0.0,0.0,32,24.9,6.04,0.219,20.6,17.32,25.74,11.12,17.93,1.57,39.48
2024-09-21,25.5,14.4,19.7,0.0,0.0,0.0,31,26.8,6.11,0.201,20.6,18.14,26.35,11.54,18.81,0.84,39.42
2024-09-22,27.0,14.9,20.7,0.0,0.0,0.0,38,18.6,5.28,0.184,21.6,17.82,28.78,13.66,20.66,0.0,39.92
2024-09-23,24.2,15.4,19.4,0.6,0.6,0.0,60,20.2,3.33,0.173,20.9,11.17,25.9,14.82,19.22,1.47,55.86
2024-09-24,25.4,14.4,19.3,0.0,0.0,0.0,61,19.3,3.87,0.17,20.6,14.69,25.77,14.67,19.38,0.01,59.91
2024-09-25,25.0,15.6,19.5,0.0,0.0,0.0,47,17.2,4.23,0.164,21.2,14.51,26.83,13.43,19.78,0.0,46.92
2024-09-26,26.5,15.0,20.3,0.0,0.0,0.0,62,16.6,3.58,0.155,21.6,15.62,27.93,13.7,21.13,0.01,61.14
2024-09-27,27.2,14.9,20.6,0.0,0.0,0.0,65,8.6,3.24,0.151,22.4,16.62,28.51,14.49,21.11,0.0,59.3
2024-09-28,26.4,14.9,20.5,0.0,0.0,0.0,64,16.5,3.79,0.145,22.0,16.95,29.76,14.1,21.13,0.0,54.94
2024-09-29,26.4,15.1,20.3,0.0,0.0,0.0,59,15.5,3.68,0.136,22.3,16.76,31.37,12.89,21.31,0.0,50.46
2024-09-30,27.9,14.1,20.0,0.0,0.0,0.0,59,10.9,3.58,0.135,21.6,16.74,31.15,12.71,21.44,0.0,47.93
